Date,HYG_Volume
2007-04-11,1900
2007-04-12,6100
2007-04-13,3400
2007-04-16,7600
2007-04-17,28100
2007-04-18,6300
2007-04-19,47500
2007-04-20,4900
2007-04-23,1700
2007-04-24,398500
2007-04-25,16300
2007-04-26,48200
2007-04-27,8300
2007-04-30,15500
2007-05-01,8600
2007-05-02,4700
2007-05-03,17200
2007-05-04,4600
2007-05-07,4200
2007-05-08,16100
2007-05-09,9400
2007-05-10,17400
2007-05-11,12200
2007-05-14,11600
2007-05-15,39400
2007-05-16,78100
2007-05-17,14500
2007-05-18,5200
2007-05-21,14600
2007-05-22,10200
2007-05-23,22500
2007-05-24,17100
2007-05-25,7400
2007-05-29,4900
2007-05-30,4300
2007-05-31,6200
2007-06-01,13500
2007-06-04,21800
2007-06-05,4500
2007-06-06,74600
2007-06-07,12100
2007-06-08,17800
2007-06-11,2900
2007-06-12,67300
2007-06-13,24600
2007-06-14,18200
2007-06-15,13500
2007-06-18,14600
2007-06-19,19600
2007-06-20,16900
2007-06-21,13900
2007-06-22,27800
2007-06-25,29000
2007-06-26,43600
2007-06-27,6800
2007-06-28,9500
2007-06-29,14600
2007-07-02,19600
2007-07-03,11700
2007-07-05,14600
2007-07-06,8200
2007-07-09,8400
2007-07-10,19700
2007-07-11,17200
2007-07-12,8300
2007-07-13,5200
2007-07-16,17100
2007-07-17,10600
2007-07-18,15600
2007-07-19,6400
2007-07-20,18600
2007-07-23,9000
2007-07-24,44900
2007-07-25,28100
2007-07-26,43200
2007-07-27,44600
2007-07-30,24600
2007-07-31,34000
2007-08-01,33500
2007-08-02,28800
2007-08-03,20100
2007-08-06,30400
2007-08-07,68800
2007-08-08,30300
2007-08-09,12800
2007-08-10,18800
2007-08-13,21300
2007-08-14,12400
2007-08-15,9100
2007-08-16,15300
2007-08-17,30000
2007-08-20,49300
2007-08-21,33700
2007-08-22,52700
2007-08-23,59400
2007-08-24,11600
2007-08-27,11800
2007-08-28,55800
2007-08-29,18300
2007-08-30,42900
2007-08-31,11300
2007-09-04,13500
2007-09-05,14400
2007-09-06,16400
2007-09-07,50700
2007-09-10,10000
2007-09-11,24100
2007-09-12,32000
2007-09-13,10900
2007-09-14,33900
2007-09-17,20100
2007-09-18,31400
2007-09-19,85900
2007-09-20,410400
2007-09-21,105100
2007-09-24,45500
2007-09-25,167500
2007-09-26,25300
2007-09-27,49200
2007-09-28,46700
2007-10-01,50300
2007-10-02,72100
2007-10-03,35300
2007-10-04,17600
2007-10-05,22900
2007-10-08,18600
2007-10-09,14600
2007-10-10,21200
2007-10-11,22300
2007-10-12,73700
2007-10-15,24600
2007-10-16,60600
2007-10-17,15200
2007-10-18,13200
2007-10-19,40200
2007-10-22,64600
2007-10-23,27000
2007-10-24,22200
2007-10-25,16600
2007-10-26,10800
2007-10-29,19900
2007-10-30,10500
2007-10-31,12000
2007-11-01,29400
2007-11-02,32300
2007-11-05,13800
2007-11-06,34900
2007-11-07,11900
2007-11-08,121000
2007-11-09,38400
2007-11-12,41400
2007-11-13,15300
2007-11-14,7800
2007-11-15,15500
2007-11-16,18400
2007-11-19,16700
2007-11-20,26500
2007-11-21,139600
2007-11-23,3100
2007-11-26,69500
2007-11-27,25700
2007-11-28,11700
2007-11-29,20200
2007-11-30,34900
2007-12-03,31400
2007-12-04,16300
2007-12-05,270600
2007-12-06,33200
2007-12-07,27100
2007-12-10,23500
2007-12-11,30300
2007-12-12,29400
2007-12-13,44500
2007-12-14,15600
2007-12-17,18900
2007-12-18,53200
2007-12-19,24000
2007-12-20,31300
2007-12-21,37600
2007-12-24,66800
2007-12-26,48400
2007-12-27,22900
2007-12-28,88500
2007-12-31,38800
2008-01-02,61800
2008-01-03,64800
2008-01-04,48600
2008-01-07,177200
2008-01-08,42100
2008-01-09,51600
2008-01-10,154800
2008-01-11,71700
2008-01-14,20600
2008-01-15,20000
2008-01-16,20700
2008-01-17,31600
2008-01-18,84500
2008-01-22,192400
2008-01-23,59600
2008-01-24,62700
2008-01-25,43700
2008-01-28,44800
2008-01-29,39200
2008-01-30,27400
2008-01-31,76500
2008-02-01,83100
2008-02-04,44900
2008-02-05,66300
2008-02-06,101100
2008-02-07,58100
2008-02-08,80400
2008-02-11,74500
2008-02-12,85200
2008-02-13,60700
2008-02-14,48800
2008-02-15,49700
2008-02-19,102900
2008-02-20,65800
2008-02-21,55800
2008-02-22,48200
2008-02-25,81000
2008-02-26,80200
2008-02-27,75900
2008-02-28,61300
2008-02-29,72900
2008-03-03,53500
2008-03-04,29900
2008-03-05,73300
2008-03-06,21000
2008-03-07,44200
2008-03-10,26800
2008-03-11,36200
2008-03-12,53200
2008-03-13,80100
2008-03-14,37300
2008-03-17,55100
2008-03-18,46700
2008-03-19,75800
2008-03-20,55600
2008-03-24,104900
2008-03-25,90200
2008-03-26,149700
2008-03-27,97800
2008-03-28,46400
2008-03-31,246500
2008-04-01,988000
2008-04-02,92200
2008-04-03,98300
2008-04-04,142200
2008-04-07,117300
2008-04-08,85300
2008-04-09,79400
2008-04-10,176900
2008-04-11,59600
2008-04-14,54700
2008-04-15,59400
2008-04-16,84700
2008-04-17,61900
2008-04-18,123700
2008-04-21,70500
2008-04-22,77600
2008-04-23,103800
2008-04-24,114400
2008-04-25,87600
2008-04-28,595700
2008-04-29,144500
2008-04-30,113400
2008-05-01,428500
2008-05-02,133900
2008-05-05,121900
2008-05-06,121400
2008-05-07,65700
2008-05-08,59700
2008-05-09,73100
2008-05-12,91900
2008-05-13,59500
2008-05-14,153100
2008-05-15,146600
2008-05-16,79300
2008-05-19,58900
2008-05-20,49300
2008-05-21,97300
2008-05-22,51700
2008-05-23,401400
2008-05-27,65800
2008-05-28,73700
2008-05-29,76300
2008-05-30,53600
2008-06-02,374500
2008-06-03,80200
2008-06-04,46100
2008-06-05,49200
2008-06-06,43100
2008-06-09,47100
2008-06-10,52400
2008-06-11,66500
2008-06-12,41200
2008-06-13,58900
2008-06-16,61200
2008-06-17,87300
2008-06-18,67200
2008-06-19,86600
2008-06-20,40500
2008-06-23,37800
2008-06-24,176700
2008-06-25,92900
2008-06-26,96000
2008-06-27,58300
2008-06-30,84900
2008-07-01,957200
2008-07-02,81800
2008-07-03,41700
2008-07-07,102500
2008-07-08,170000
2008-07-09,79000
2008-07-10,99100
2008-07-11,310000
2008-07-14,41200
2008-07-15,149100
2008-07-16,25300
2008-07-17,41900
2008-07-18,48800
2008-07-21,49500
2008-07-22,103000
2008-07-23,193500
2008-07-24,64100
2008-07-25,188000
2008-07-28,75200
2008-07-29,65900
2008-07-30,103900
2008-07-31,82000
2008-08-01,25200
2008-08-04,75800
2008-08-05,70600
2008-08-06,44200
2008-08-07,42700
2008-08-08,62300
2008-08-11,49800
2008-08-12,95000
2008-08-13,47200
2008-08-14,58400
2008-08-15,39900
2008-08-18,91100
2008-08-19,101400
2008-08-20,30700
2008-08-21,103100
2008-08-22,58300
2008-08-25,60600
2008-08-26,259900
2008-08-27,68400
2008-08-28,74100
2008-08-29,59500
2008-09-02,57200
2008-09-03,50200
2008-09-04,46700
2008-09-05,62400
2008-09-08,59300
2008-09-09,168700
2008-09-10,61200
2008-09-11,101600
2008-09-12,121100
2008-09-15,377800
2008-09-16,283800
2008-09-17,283100
2008-09-18,226400
2008-09-19,77800
2008-09-22,34600
2008-09-23,64200
2008-09-24,57700
2008-09-25,73600
2008-09-26,50900
2008-09-29,174700
2008-09-30,113200
2008-10-01,991400
2008-10-02,230900
2008-10-03,51400
2008-10-06,134200
2008-10-07,240800
2008-10-08,157800
2008-10-09,113800
2008-10-10,274300
2008-10-13,230000
2008-10-14,372300
2008-10-15,374900
2008-10-16,167400
2008-10-17,120700
2008-10-20,1460200
2008-10-21,398300
2008-10-22,113300
2008-10-23,157700
2008-10-24,155600
2008-10-27,1313600
2008-10-28,158600
2008-10-29,318700
2008-10-30,169900
2008-10-31,126500
2008-11-03,168900
2008-11-04,430300
2008-11-05,392100
2008-11-06,198100
2008-11-07,221000
2008-11-10,148600
2008-11-11,107100
2008-11-12,129400
2008-11-13,211900
2008-11-14,115200
2008-11-17,157200
2008-11-18,174700
2008-11-19,174100
2008-11-20,606400
2008-11-21,238500
2008-11-24,232500
2008-11-25,313500
2008-11-26,256400
2008-11-28,420700
2008-12-01,409700
2008-12-02,501700
2008-12-03,247800
2008-12-04,214200
2008-12-05,485500
2008-12-08,703700
2008-12-09,631800
2008-12-10,379100
2008-12-11,914500
2008-12-12,320000
2008-12-15,611300
2008-12-16,523700
2008-12-17,1671500
2008-12-18,2134800
2008-12-19,1174700
2008-12-22,1764700
2008-12-23,1220400
2008-12-24,787700
2008-12-26,1291200
2008-12-29,1020000
2008-12-30,530100
2008-12-31,707400
2009-01-02,673600
2009-01-05,1907500
2009-01-06,2267000
2009-01-07,1748100
2009-01-08,972100
2009-01-09,826600
2009-01-12,867700
2009-01-13,613500
2009-01-14,1006000
2009-01-15,1122500
2009-01-16,574800
2009-01-20,544100
2009-01-21,534200
2009-01-22,454800
2009-01-23,1556100
2009-01-26,573600
2009-01-27,637500
2009-01-28,1549400
2009-01-29,685200
2009-01-30,469800
2009-02-02,1037900
2009-02-03,642100
2009-02-04,891500
2009-02-05,836600
2009-02-06,830900
2009-02-09,831400
2009-02-10,831000
2009-02-11,592100
2009-02-12,509200
2009-02-13,299100
2009-02-17,1521100
2009-02-18,1414600
2009-02-19,385300
2009-02-20,647700
2009-02-23,884500
2009-02-24,647300
2009-02-25,567600
2009-02-26,603200
2009-02-27,824700
2009-03-02,993600
2009-03-03,752700
2009-03-04,572900
2009-03-05,1117900
2009-03-06,1216800
2009-03-09,645100
2009-03-10,1111400
2009-03-11,769500
2009-03-12,762800
2009-03-13,632300
2009-03-16,514600
2009-03-17,460100
2009-03-18,611000
2009-03-19,711800
2009-03-20,394900
2009-03-23,461200
2009-03-24,425000
2009-03-25,800700
2009-03-26,660200
2009-03-27,1157900
2009-03-30,1299900
2009-03-31,632700
2009-04-01,654300
2009-04-02,1469600
2009-04-03,1355600
2009-04-06,648200
2009-04-07,459900
2009-04-08,721600
2009-04-09,1123800
2009-04-13,801800
2009-04-14,617000
2009-04-15,501700
2009-04-16,1109500
2009-04-17,683000
2009-04-20,1003100
2009-04-21,264800
2009-04-22,715200
2009-04-23,701300
2009-04-24,522500
2009-04-27,813400
2009-04-28,460200
2009-04-29,1167900
2009-04-30,919500
2009-05-01,609400
2009-05-04,1043400
2009-05-05,799800
2009-05-06,738600
2009-05-07,1546800
2009-05-08,1375800
2009-05-11,531000
2009-05-12,682300
2009-05-13,1118700
2009-05-14,966300
2009-05-15,1007100
2009-05-18,831000
2009-05-19,902800
2009-05-20,1158400
2009-05-21,1274700
2009-05-22,762300
2009-05-26,855100
2009-05-27,757300
2009-05-28,583900
2009-05-29,621200
2009-06-01,1293700
2009-06-02,782200
2009-06-03,776100
2009-06-04,638100
2009-06-05,704400
2009-06-08,593000
2009-06-09,559600
2009-06-10,636700
2009-06-11,524400
2009-06-12,566000
2009-06-15,574500
2009-06-16,1180400
2009-06-17,1240800
2009-06-18,766200
2009-06-19,667900
2009-06-22,1096700
2009-06-23,582200
2009-06-24,576400
2009-06-25,647900
2009-06-26,495900
2009-06-29,647700
2009-06-30,538900
2009-07-01,922100
2009-07-02,651200
2009-07-06,794500
2009-07-07,886300
2009-07-08,1382300
2009-07-09,544900
2009-07-10,393700
2009-07-13,521500
2009-07-14,506600
2009-07-15,1040200
2009-07-16,515600
2009-07-17,597100
2009-07-20,784700
2009-07-21,938600
2009-07-22,483000
2009-07-23,750700
2009-07-24,639300
2009-07-27,512700
2009-07-28,591800
2009-07-29,627900
2009-07-30,976900
2009-07-31,740700
2009-08-03,880400
2009-08-04,615100
2009-08-05,756000
2009-08-06,619500
2009-08-07,711300
2009-08-10,527800
2009-08-11,623000
2009-08-12,491400
2009-08-13,825300
2009-08-14,585500
2009-08-17,1160800
2009-08-18,639200
2009-08-19,501700
2009-08-20,601200
2009-08-21,570400
2009-08-24,874600
2009-08-25,565000
2009-08-26,476100
2009-08-27,968500
2009-08-28,595800
2009-08-31,498500
2009-09-01,742300
2009-09-02,698800
2009-09-03,486000
2009-09-04,667000
2009-09-08,974200
2009-09-09,1454000
2009-09-10,695600
2009-09-11,607200
2009-09-14,579300
2009-09-15,1289500
2009-09-16,1143900
2009-09-17,733400
2009-09-18,565700
2009-09-21,510600
2009-09-22,413400
2009-09-23,464900
2009-09-24,774000
2009-09-25,454800
2009-09-28,455200
2009-09-29,693000
2009-09-30,688000
2009-10-01,3014800
2009-10-02,1694100
2009-10-05,556200
2009-10-06,813300
2009-10-07,637400
2009-10-08,824700
2009-10-09,680100
2009-10-12,354200
2009-10-13,295500
2009-10-14,749900
2009-10-15,382100
2009-10-16,443100
2009-10-19,534700
2009-10-20,419300
2009-10-21,869100
2009-10-22,646200
2009-10-23,420200
2009-10-26,779800
2009-10-27,1527900
2009-10-28,1266000
2009-10-29,1350500
2009-10-30,1466000
2009-11-02,1437000
2009-11-03,1135400
2009-11-04,687800
2009-11-05,506800
2009-11-06,547700
2009-11-09,571400
2009-11-10,667800
2009-11-11,509500
2009-11-12,619900
2009-11-13,491100
2009-11-16,714900
2009-11-17,438400
2009-11-18,630200
2009-11-19,679700
2009-11-20,544200
2009-11-23,428600
2009-11-24,526800
2009-11-25,548900
2009-11-27,570000
2009-11-30,674100
2009-12-01,749100
2009-12-02,537400
2009-12-03,489600
2009-12-04,532000
2009-12-07,397200
2009-12-08,359000
2009-12-09,357000
2009-12-10,401000
2009-12-11,444100
2009-12-14,1132700
2009-12-15,417600
2009-12-16,621100
2009-12-17,350200
2009-12-18,281600
2009-12-21,646800
2009-12-22,432500
2009-12-23,440100
2009-12-24,188800
2009-12-28,532400
2009-12-29,494600
2009-12-30,421600
2009-12-31,346000
2010-01-04,1316800
2010-01-05,733000
2010-01-06,715700
2010-01-07,956000
2010-01-08,711400
2010-01-11,895800
2010-01-12,1133900
2010-01-13,868900
2010-01-14,394600
2010-01-15,835300
2010-01-19,796900
2010-01-20,588500
2010-01-21,1416800
2010-01-22,1394400
2010-01-25,711300
2010-01-26,576000
2010-01-27,876500
2010-01-28,833700
2010-01-29,1357000
2010-02-01,924700
2010-02-02,1238500
2010-02-03,641200
2010-02-04,1762600
2010-02-05,3261500
2010-02-08,1202400
2010-02-09,853800
2010-02-10,1463200
2010-02-11,1157700
2010-02-12,743100
2010-02-16,1061300
2010-02-17,1400200
2010-02-18,1153400
2010-02-19,1485600
2010-02-22,1596200
2010-02-23,1014900
2010-02-24,1047000
2010-02-25,503400
2010-02-26,697900
2010-03-01,1468800
2010-03-02,1291800
2010-03-03,986800
2010-03-04,641100
2010-03-05,975800
2010-03-08,937900
2010-03-09,630800
2010-03-10,640200
2010-03-11,488500
2010-03-12,636700
2010-03-15,471400
2010-03-16,923300
2010-03-17,918300
2010-03-18,637200
2010-03-19,674600
2010-03-22,759000
2010-03-23,699200
2010-03-24,430800
2010-03-25,1005200
2010-03-26,1312500
2010-03-29,546200
2010-03-30,605600
2010-03-31,1255400
2010-04-01,773100
2010-04-05,930200
2010-04-06,679100
2010-04-07,859000
2010-04-08,736100
2010-04-09,679800
2010-04-12,443300
2010-04-13,1162900
2010-04-14,857700
2010-04-15,1251000
2010-04-16,1334100
2010-04-19,757200
2010-04-20,1299400
2010-04-21,553100
2010-04-22,250700
2010-04-23,676000
2010-04-26,440100
2010-04-27,1220700
2010-04-28,988000
2010-04-29,812200
2010-04-30,809800
2010-05-03,639000
2010-05-04,786100
2010-05-05,2567500
2010-05-06,6587300
2010-05-07,2584000
2010-05-10,1670100
2010-05-11,1524400
2010-05-12,1031200
2010-05-13,1151600
2010-05-14,1050700
2010-05-17,1120800
2010-05-18,1067400
2010-05-19,1565100
2010-05-20,3092800
2010-05-21,1815000
2010-05-24,1266200
2010-05-25,1507500
2010-05-26,1738300
2010-05-27,828500
2010-05-28,1253900
2010-06-01,770300
2010-06-02,1414500
2010-06-03,877200
2010-06-04,1439000
2010-06-07,992900
2010-06-08,1085200
2010-06-09,1081900
2010-06-10,588200
2010-06-11,468300
2010-06-14,843100
2010-06-15,1387200
2010-06-16,1877200
2010-06-17,1097000
2010-06-18,734300
2010-06-21,1094400
2010-06-22,1011000
2010-06-23,882300
2010-06-24,613600
2010-06-25,536500
2010-06-28,682200
2010-06-29,1354400
2010-06-30,1111300
2010-07-01,2044000
2010-07-02,880400
2010-07-06,1176600
2010-07-07,1173900
2010-07-08,1525200
2010-07-09,778800
2010-07-12,786500
2010-07-13,1464900
2010-07-14,640400
2010-07-15,565900
2010-07-16,1215300
2010-07-19,556000
2010-07-20,2442800
2010-07-21,1376100
2010-07-22,809300
2010-07-23,985400
2010-07-26,887200
2010-07-27,887100
2010-07-28,603100
2010-07-29,628800
2010-07-30,1038700
2010-08-02,1021600
2010-08-03,1705900
2010-08-04,1844200
2010-08-05,708100
2010-08-06,830300
2010-08-09,1266200
2010-08-10,1271500
2010-08-11,1558600
2010-08-12,1261600
2010-08-13,776300
2010-08-16,1087600
2010-08-17,860800
2010-08-18,717000
2010-08-19,882800
2010-08-20,557700
2010-08-23,633300
2010-08-24,1000800
2010-08-25,788400
2010-08-26,1012400
2010-08-27,1302000
2010-08-30,620800
2010-08-31,1154800
2010-09-01,1697900
2010-09-02,603900
2010-09-03,999600
2010-09-07,883500
2010-09-08,835500
2010-09-09,789300
2010-09-10,957600
2010-09-13,1103500
2010-09-14,658700
2010-09-15,570800
2010-09-16,751400
2010-09-17,922800
2010-09-20,631900
2010-09-21,810900
2010-09-22,832700
2010-09-23,758800
2010-09-24,917200
2010-09-27,615900
2010-09-28,1038800
2010-09-29,826600
2010-09-30,2290800
2010-10-01,837800
2010-10-04,2490600
2010-10-05,993500
2010-10-06,1990200
2010-10-07,1371700
2010-10-08,1524800
2010-10-11,644900
2010-10-12,855200
2010-10-13,880300
2010-10-14,994400
2010-10-15,524200
2010-10-18,516300
2010-10-19,601800
2010-10-20,965600
2010-10-21,521000
2010-10-22,418000
2010-10-25,1051500
2010-10-26,568100
2010-10-27,910700
2010-10-28,1078600
2010-10-29,898000
2010-11-01,921400
2010-11-02,859800
2010-11-03,1301600
2010-11-04,1495800
2010-11-05,1281500
2010-11-08,1178800
2010-11-09,705400
2010-11-10,1250800
2010-11-11,1051000
2010-11-12,1088500
2010-11-15,1071300
2010-11-16,1674100
2010-11-17,1827000
2010-11-18,1197000
2010-11-19,592000
2010-11-22,424600
2010-11-23,1975700
2010-11-24,690700
2010-11-26,365000
2010-11-29,598300
2010-11-30,1459300
2010-12-01,1710800
2010-12-02,775600
2010-12-03,1621000
2010-12-06,776300
2010-12-07,946300
2010-12-08,1216200
2010-12-09,457200
2010-12-10,613100
2010-12-13,1176600
2010-12-14,1366900
2010-12-15,566500
2010-12-16,498600
2010-12-17,989700
2010-12-20,587700
2010-12-21,785400
2010-12-22,803000
2010-12-23,560500
2010-12-27,590800
2010-12-28,575100
2010-12-29,535700
2010-12-30,335400
2010-12-31,715700
2011-01-03,1448800
2011-01-04,1077800
2011-01-05,2537800
2011-01-06,2046600
2011-01-07,917900
2011-01-10,517400
2011-01-11,493300
2011-01-12,609600
2011-01-13,1563900
2011-01-14,912500
2011-01-18,1186800
2011-01-19,1073200
2011-01-20,766000
2011-01-21,681100
2011-01-24,697300
2011-01-25,686400
2011-01-26,985500
2011-01-27,679400
2011-01-28,2015100
2011-01-31,1183200
2011-02-01,944600
2011-02-02,550400
2011-02-03,1240800
2011-02-04,1667600
2011-02-07,2260600
2011-02-08,2632400
2011-02-09,936900
2011-02-10,801800
2011-02-11,586700
2011-02-14,660000
2011-02-15,1109100
2011-02-16,1378100
2011-02-17,658800
2011-02-18,870300
2011-02-22,1305600
2011-02-23,1062700
2011-02-24,857300
2011-02-25,1907800
2011-02-28,4044100
2011-03-01,1692100
2011-03-02,1271400
2011-03-03,1615300
2011-03-04,1057200
2011-03-07,1086800
2011-03-08,971400
2011-03-09,1241700
2011-03-10,1098400
2011-03-11,1023500
2011-03-14,1643400
2011-03-15,1598300
2011-03-16,2882900
2011-03-17,1634200
2011-03-18,1300400
2011-03-21,943800
2011-03-22,2285400
2011-03-23,749400
2011-03-24,923100
2011-03-25,478500
2011-03-28,844000
2011-03-29,1010700
2011-03-30,1868800
2011-03-31,924100
2011-04-01,1322400
2011-04-04,3254100
2011-04-05,1338100
2011-04-06,835300
2011-04-07,1156700
2011-04-08,1168900
2011-04-11,1045900
2011-04-12,940100
2011-04-13,1128100
2011-04-14,1538700
2011-04-15,658300
2011-04-18,1736400
2011-04-19,1020800
2011-04-20,716400
2011-04-21,632000
2011-04-25,978700
2011-04-26,575400
2011-04-27,738800
2011-04-28,697600
2011-04-29,799000
2011-05-02,848700
2011-05-03,977700
2011-05-04,959400
2011-05-05,1300000
2011-05-06,968900
2011-05-09,620500
2011-05-10,723600
2011-05-11,595200
2011-05-12,1129800
2011-05-13,1053400
2011-05-16,540400
2011-05-17,1674000
2011-05-18,813000
2011-05-19,715900
2011-05-20,538900
2011-05-23,1204800
2011-05-24,808100
2011-05-25,1407900
2011-05-26,787900
2011-05-27,1225700
2011-05-31,1848000
2011-06-01,2091600
2011-06-02,1177000
2011-06-03,1141100
2011-06-06,1660100
2011-06-07,995500
2011-06-08,1642600
2011-06-09,1480700
2011-06-10,3870000
2011-06-13,2015400
2011-06-14,1253000
2011-06-15,1319400
2011-06-16,7149900
2011-06-17,3486900
2011-06-20,1555600
2011-06-21,2212000
2011-06-22,1667400
2011-06-23,2999800
2011-06-24,1416400
2011-06-27,1137600
2011-06-28,1477500
2011-06-29,1752700
2011-06-30,2514300
2011-07-01,1749800
2011-07-05,2253200
2011-07-06,1969400
2011-07-07,2662100
2011-07-08,1771000
2011-07-11,1967100
2011-07-12,1407200
2011-07-13,1056800
2011-07-14,823300
2011-07-15,688800
2011-07-18,2103500
2011-07-19,894100
2011-07-20,878500
2011-07-21,936300
2011-07-22,670000
2011-07-25,1050600
2011-07-26,570200
2011-07-27,1158100
2011-07-28,689700
2011-07-29,1199100
2011-08-01,907000
2011-08-02,1286700
2011-08-03,2361600
2011-08-04,3396500
2011-08-05,4671900
2011-08-08,6491600
2011-08-09,5124100
2011-08-10,3395000
2011-08-11,2916900
2011-08-12,2273600
2011-08-15,3280700
2011-08-16,2712000
2011-08-17,1668900
2011-08-18,2342700
2011-08-19,1879400
2011-08-22,1681100
2011-08-23,2588800
2011-08-24,2550900
2011-08-25,1678800
2011-08-26,1629000
2011-08-29,2082100
2011-08-30,1774500
2011-08-31,3213700
2011-09-01,1624000
2011-09-02,1814600
2011-09-06,3004100
2011-09-07,916900
2011-09-08,1533100
2011-09-09,1978400
2011-09-12,2110000
2011-09-13,2331900
2011-09-14,1648300
2011-09-15,1534000
2011-09-16,1217200
2011-09-19,1251000
2011-09-20,1509100
2011-09-21,2524900
2011-09-22,2295700
2011-09-23,2251300
2011-09-26,2451400
2011-09-27,3481300
2011-09-28,2696800
2011-09-29,1643100
2011-09-30,2510700
2011-10-03,2560600
2011-10-04,4870500
2011-10-05,2563800
2011-10-06,2317200
2011-10-07,2686900
2011-10-10,2014300
2011-10-11,2278800
2011-10-12,4223000
2011-10-13,3361300
2011-10-14,2760400
2011-10-17,1904100
2011-10-18,2890000
2011-10-19,3574500
2011-10-20,1759800
2011-10-21,2405600
2011-10-24,5630300
2011-10-25,4506500
2011-10-26,2839500
2011-10-27,5132100
2011-10-28,2820700
2011-10-31,2972600
2011-11-01,3132800
2011-11-02,1812500
2011-11-03,1409900
2011-11-04,3759500
2011-11-07,1756000
2011-11-08,1823800
2011-11-09,2151500
2011-11-10,2487700
2011-11-11,1270200
2011-11-14,1603100
2011-11-15,1450000
2011-11-16,1788500
2011-11-17,2131700
2011-11-18,2226100
2011-11-21,3219000
2011-11-22,4123400
2011-11-23,4483000
2011-11-25,1476200
2011-11-28,2455000
2011-11-29,2010300
2011-11-30,2944100
2011-12-01,2442000
2011-12-02,2664700
2011-12-05,2719200
2011-12-06,2355600
2011-12-07,1740600
2011-12-08,1994200
2011-12-09,1355900
2011-12-12,1772000
2011-12-13,1742400
2011-12-14,1317700
2011-12-15,1562200
2011-12-16,1383900
2011-12-19,2268000
2011-12-20,1957100
2011-12-21,1792300
2011-12-22,1885800
2011-12-23,1255200
2011-12-27,2282000
2011-12-28,1899200
2011-12-29,1558600
2011-12-30,1553400
2012-01-03,3118800
2012-01-04,3010000
2012-01-05,2579700
2012-01-06,1916400
2012-01-09,2157800
2012-01-10,2318000
2012-01-11,1191100
2012-01-12,1558100
2012-01-13,1929400
2012-01-17,4144200
2012-01-18,2725800
2012-01-19,2953000
2012-01-20,2037500
2012-01-23,1680100
2012-01-24,2863800
2012-01-25,3882800
2012-01-26,6487500
2012-01-27,2431100
2012-01-30,2553000
2012-01-31,2864400
2012-02-01,4284200
2012-02-02,2079600
2012-02-03,2312900
2012-02-06,2270500
2012-02-07,2467000
2012-02-08,3336000
2012-02-09,3258700
2012-02-10,2909600
2012-02-13,2193100
2012-02-14,3000100
2012-02-15,1986600
2012-02-16,2514100
2012-02-17,2402700
2012-02-21,2265100
2012-02-22,3570600
2012-02-23,3212300
2012-02-24,1795500
2012-02-27,1608100
2012-02-28,2813200
2012-02-29,3085800
2012-03-01,3802800
2012-03-02,1709000
2012-03-05,2333700
2012-03-06,5792700
2012-03-07,5840700
2012-03-08,2249700
2012-03-09,2531300
2012-03-12,2153000
2012-03-13,2890700
2012-03-14,2928800
2012-03-15,1726800
2012-03-16,3570300
2012-03-19,2283900
2012-03-20,2756600
2012-03-21,3280100
2012-03-22,3500900
2012-03-23,3465200
2012-03-26,2081200
2012-03-27,4196700
2012-03-28,2803700
2012-03-29,2158600
2012-03-30,4020300
2012-04-02,5883800
2012-04-03,4099700
2012-04-04,2297600
2012-04-05,3658900
2012-04-09,2692500
2012-04-10,4471100
2012-04-11,2003700
2012-04-12,2753500
2012-04-13,2767400
2012-04-16,3804300
2012-04-17,2787400
2012-04-18,3322600
2012-04-19,2597800
2012-04-20,2241500
2012-04-23,2850700
2012-04-24,2049300
2012-04-25,3351000
2012-04-26,2641100
2012-04-27,2413000
2012-04-30,3989000
2012-05-01,3624600
2012-05-02,2040700
2012-05-03,1871900
2012-05-04,2381400
2012-05-07,1906100
2012-05-08,1688900
2012-05-09,3146800
2012-05-10,3354000
2012-05-11,2765200
2012-05-14,4544000
2012-05-15,5242100
2012-05-16,6224400
2012-05-17,8867800
2012-05-18,6525600
2012-05-21,4276900
2012-05-22,3675300
2012-05-23,4320900
2012-05-24,2183000
2012-05-25,1651500
2012-05-29,4380300
2012-05-30,2543300
2012-05-31,10706100
2012-06-01,5945600
2012-06-04,3125700
2012-06-05,2970100
2012-06-06,2334800
2012-06-07,5454300
2012-06-08,3738100
2012-06-11,5266700
2012-06-12,3648400
2012-06-13,3527200
2012-06-14,3874100
2012-06-15,2683200
2012-06-18,3628200
2012-06-19,2809100
2012-06-20,3719000
2012-06-21,4843700
2012-06-22,3211700
2012-06-25,3385600
2012-06-26,2357900
2012-06-27,1918000
2012-06-28,3068700
2012-06-29,3394900
2012-07-02,3810700
2012-07-03,1987500
2012-07-05,2221300
2012-07-06,2612400
2012-07-09,1916600
2012-07-10,1832600
2012-07-11,3188700
2012-07-12,1989100
2012-07-13,2316400
2012-07-16,2178900
2012-07-17,4036500
2012-07-18,3958600
2012-07-19,4718200
2012-07-20,2733500
2012-07-23,4561700
2012-07-24,3447700
2012-07-25,2891000
2012-07-26,4330900
2012-07-27,5556800
2012-07-30,3889700
2012-07-31,3530800
2012-08-01,3598100
2012-08-02,4516600
2012-08-03,4602000
2012-08-06,2864400
2012-08-07,3680600
2012-08-08,3162100
2012-08-09,2975600
2012-08-10,1533600
2012-08-13,2007800
2012-08-14,2381000
2012-08-15,2580400
2012-08-16,2914300
2012-08-17,2222000
2012-08-20,2333200
2012-08-21,2531200
2012-08-22,1889100
2012-08-23,1141700
2012-08-24,2082100
2012-08-27,1883600
2012-08-28,1795700
2012-08-29,1617600
2012-08-30,2022400
2012-08-31,1801800
2012-09-04,3921500
2012-09-05,1541000
2012-09-06,3306000
2012-09-07,3403300
2012-09-10,2138600
2012-09-11,4400300
2012-09-12,1957400
2012-09-13,5946800
2012-09-14,3467200
2012-09-17,3075500
2012-09-18,4099400
2012-09-19,3306500
2012-09-20,2122200
2012-09-21,3121700
2012-09-24,1867200
2012-09-25,5726800
2012-09-26,6554200
2012-09-27,3882600
2012-09-28,3668200
2012-10-01,5386700
2012-10-02,3151900
2012-10-03,3201000
2012-10-04,1847200
2012-10-05,2513500
2012-10-08,1143300
2012-10-09,5777300
2012-10-10,5431800
2012-10-11,2811000
2012-10-12,3696800
2012-10-15,2378500
2012-10-16,3536300
2012-10-17,2971500
2012-10-18,1676300
2012-10-19,2041200
2012-10-22,3021700
2012-10-23,3916900
2012-10-24,4332900
2012-10-25,2005600
2012-10-26,4591800
2012-10-31,2914100
2012-11-01,2092300
2012-11-02,2829300
2012-11-05,3361700
2012-11-06,1409000
2012-11-07,3698200
2012-11-08,5829400
2012-11-09,3953900
2012-11-12,2066000
2012-11-13,4347400
2012-11-14,5017500
2012-11-15,6989700
2012-11-16,4730200
2012-11-19,9498500
2012-11-20,4010400
2012-11-21,2984700
2012-11-23,1041100
2012-11-26,2160700
2012-11-27,4194100
2012-11-28,6528000
2012-11-29,3870500
2012-11-30,3276200
2012-12-03,5444400
2012-12-04,3121100
2012-12-05,4580900
2012-12-06,2261500
2012-12-07,2294400
2012-12-10,2140700
2012-12-11,3206300
2012-12-12,3305600
2012-12-13,4898700
2012-12-14,2741400
2012-12-17,2195600
2012-12-18,3409800
2012-12-19,2566400
2012-12-20,3191200
2012-12-21,3187900
2012-12-24,1221400
2012-12-26,2257200
2012-12-27,2332600
2012-12-28,2426100
2012-12-31,2918500
2013-01-02,3975200
2013-01-03,3950700
2013-01-04,2968000
2013-01-07,4137300
2013-01-08,2179100
2013-01-09,2183900
2013-01-10,1684300
2013-01-11,1982600
2013-01-14,2182400
2013-01-15,2136000
2013-01-16,3272700
2013-01-17,6058900
2013-01-18,2836800
2013-01-22,2295200
2013-01-23,2227900
2013-01-24,3175400
2013-01-25,2525100
2013-01-28,2331000
2013-01-29,1514300
2013-01-30,6595600
2013-01-31,5963700
2013-02-01,5713000
2013-02-04,3878000
2013-02-05,2590900
2013-02-06,2850500
2013-02-07,4071400
2013-02-08,3220400
2013-02-11,3146100
2013-02-12,3490600
2013-02-13,3672200
2013-02-14,2731800
2013-02-15,2483000
2013-02-19,3074300
2013-02-20,3830300
2013-02-21,7185300
2013-02-22,3367000
2013-02-25,5259300
2013-02-26,4075600
2013-02-27,3681600
2013-02-28,3822000
2013-03-01,4833200
2013-03-04,2222500
2013-03-05,3733400
2013-03-06,2118000
2013-03-07,2124900
2013-03-08,2464100
2013-03-11,2782800
2013-03-12,1526200
2013-03-13,1431200
2013-03-14,2954100
2013-03-15,2024300
2013-03-18,3000600
2013-03-19,3742800
2013-03-20,2553200
2013-03-21,3532400
2013-03-22,2201500
2013-03-25,2131700
2013-03-26,1169400
2013-03-27,2195100
2013-03-28,1959100
2013-04-01,3823000
2013-04-02,2528700
2013-04-03,2773100
2013-04-04,3040600
2013-04-05,2243800
2013-04-08,2346800
2013-04-09,2985400
2013-04-10,2932600
2013-04-11,2676200
2013-04-12,2040900
2013-04-15,3910600
2013-04-16,4138300
2013-04-17,5778600
2013-04-18,2476900
2013-04-19,2474800
2013-04-22,3641900
2013-04-23,2217400
2013-04-24,3872600
2013-04-25,2453100
2013-04-26,2679000
2013-04-29,1785300
2013-04-30,2953100
2013-05-01,4812400
2013-05-02,3368200
2013-05-03,2407400
2013-05-06,1458700
2013-05-07,2590900
2013-05-08,3801200
2013-05-09,1644900
2013-05-10,4654400
2013-05-13,2710000
2013-05-14,4473900
2013-05-15,3179800
2013-05-16,6036800
2013-05-17,4313300
2013-05-20,2086200
2013-05-21,4666500
2013-05-22,5243800
2013-05-23,3294400
2013-05-24,3420400
2013-05-28,3486700
2013-05-29,10958100
2013-05-30,5462100
2013-05-31,6809400
2013-06-03,14320900
2013-06-04,7927000
2013-06-05,10309200
2013-06-06,11849800
2013-06-07,8879800
2013-06-10,7678000
2013-06-11,9065200
2013-06-12,9193300
2013-06-13,7526400
2013-06-14,3909200
2013-06-17,3830700
2013-06-18,3609700
2013-06-19,7971700
2013-06-20,11094000
2013-06-21,9245400
2013-06-24,12116100
2013-06-25,6233300
2013-06-26,5527200
2013-06-27,5578600
2013-06-28,6112000
2013-07-01,5213400
2013-07-02,3799800
2013-07-03,1679600
2013-07-05,3312600
2013-07-08,5638400
2013-07-09,6127700
2013-07-10,6529900
2013-07-11,5865400
2013-07-12,5788300
2013-07-15,6791500
2013-07-16,3292100
2013-07-17,8660500
2013-07-18,6825000
2013-07-19,2603100
2013-07-22,3888200
2013-07-23,2483700
2013-07-24,5249800
2013-07-25,5995400
2013-07-26,4213600
2013-07-29,3850100
2013-07-30,4239400
2013-07-31,4076500
2013-08-01,4616600
2013-08-02,4309400
2013-08-05,2231000
2013-08-06,3398800
2013-08-07,2253300
2013-08-08,2857100
2013-08-09,1765600
2013-08-12,3840800
2013-08-13,2290500
2013-08-14,4605800
2013-08-15,6446100
2013-08-16,6922400
2013-08-19,6536300
2013-08-20,4208300
2013-08-21,3098100
2013-08-22,4049900
2013-08-23,3370400
2013-08-26,2365400
2013-08-27,3578500
2013-08-28,3860600
2013-08-29,4012900
2013-08-30,2486900
2013-09-03,9986800
2013-09-04,3507400
2013-09-05,3622300
2013-09-06,4713800
2013-09-09,4227400
2013-09-10,5287100
2013-09-11,3514200
2013-09-12,3594500
2013-09-13,2789300
2013-09-16,4331300
2013-09-17,5978600
2013-09-18,7476300
2013-09-19,5821100
2013-09-20,4033900
2013-09-23,6564600
2013-09-24,7947700
2013-09-25,3535700
2013-09-26,4751200
2013-09-27,6779700
2013-09-30,6248900
2013-10-01,5743900
2013-10-02,2765700
2013-10-03,3169700
2013-10-04,2048300
2013-10-07,2391700
2013-10-08,2944700
2013-10-09,2973700
2013-10-10,2899500
2013-10-11,3293900
2013-10-14,1003900
2013-10-15,2310100
2013-10-16,6949700
2013-10-17,7277900
2013-10-18,2873800
2013-10-21,2471400
2013-10-22,5488400
2013-10-23,2434200
2013-10-24,2284400
2013-10-25,2026000
2013-10-28,1697900
2013-10-29,1864600
2013-10-30,3691100
2013-10-31,5846500
2013-11-01,7882000
2013-11-04,2025500
2013-11-05,2770300
2013-11-06,4936700
2013-11-07,4802700
2013-11-08,4191100
2013-11-11,1607600
2013-11-12,2148900
2013-11-13,2795100
2013-11-14,4216800
2013-11-15,2990600
2013-11-18,3694600
2013-11-19,1415800
2013-11-20,2470600
2013-11-21,1895800
2013-11-22,1649200
2013-11-25,2813900
2013-11-26,2835300
2013-11-27,1845300
2013-11-29,958700
2013-12-02,5748100
2013-12-03,2710300
2013-12-04,3076100
2013-12-05,5354700
2013-12-06,2487900
2013-12-09,4313000
2013-12-10,1473200
2013-12-11,3586600
2013-12-12,4268800
2013-12-13,3523200
2013-12-16,3108500
2013-12-17,2799900
2013-12-18,4893500
2013-12-19,5775500
2013-12-20,12743900
2013-12-23,5525100
2013-12-24,1281600
2013-12-26,1577400
2013-12-27,1357300
2013-12-30,1888600
2013-12-31,2413400
2014-01-02,7412500
2014-01-03,1903300
2014-01-06,2622700
2014-01-07,3953000
2014-01-08,4540500
2014-01-09,3036600
2014-01-10,2423900
2014-01-13,4716600
2014-01-14,2636100
2014-01-15,1797400
2014-01-16,1269800
2014-01-17,2192300
2014-01-21,2056000
2014-01-22,3235400
2014-01-23,4989500
2014-01-24,7575400
2014-01-27,5482900
2014-01-28,5393600
2014-01-29,5781700
2014-01-30,3940200
2014-01-31,7756900
2014-02-03,16150600
2014-02-04,5246900
2014-02-05,3893000
2014-02-06,3426100
2014-02-07,5193300
2014-02-10,5199700
2014-02-11,3950800
2014-02-12,2432100
2014-02-13,3078400
2014-02-14,2158700
2014-02-18,3734700
2014-02-19,7273600
2014-02-20,3756900
2014-02-21,2574600
2014-02-24,3531600
2014-02-25,2979500
2014-02-26,2722100
2014-02-27,4377300
2014-02-28,3919300
2014-03-03,9488700
2014-03-04,9313600
2014-03-05,4531600
2014-03-06,4075500
2014-03-07,4552000
2014-03-10,1908200
2014-03-11,1618500
2014-03-12,2595000
2014-03-13,4829700
2014-03-14,4088200
2014-03-17,2943100
2014-03-18,2903500
2014-03-19,9983600
2014-03-20,4872300
2014-03-21,6106500
2014-03-24,5986100
2014-03-25,3468800
2014-03-26,3887200
2014-03-27,2255400
2014-03-28,2732600
2014-03-31,2641400
2014-04-01,4514900
2014-04-02,2285900
2014-04-03,2812400
2014-04-04,4555000
2014-04-07,1520900
2014-04-08,2804400
2014-04-09,4383400
2014-04-10,3226900
2014-04-11,7228500
2014-04-14,3355800
2014-04-15,3104900
2014-04-16,3450100
2014-04-17,2443800
2014-04-21,1682200
2014-04-22,2442800
2014-04-23,1591300
2014-04-24,1021700
2014-04-25,1195400
2014-04-28,1903900
2014-04-29,1775300
2014-04-30,4393100
2014-05-01,7322200
2014-05-02,2146000
2014-05-05,3541300
2014-05-06,2567800
2014-05-07,1578600
2014-05-08,4522400
2014-05-09,1736600
2014-05-12,1123000
2014-05-13,1933600
2014-05-14,1721400
2014-05-15,4240700
2014-05-16,3185000
2014-05-19,7351000
2014-05-20,4217800
2014-05-21,2925900
2014-05-22,1950900
2014-05-23,2289100
2014-05-27,4384700
2014-05-28,3904400
2014-05-29,4734800
2014-05-30,4445800
2014-06-02,5722500
2014-06-03,2978300
2014-06-04,2527200
2014-06-05,2034100
2014-06-06,3059100
2014-06-09,2906800
2014-06-10,2091000
2014-06-11,1699500
2014-06-12,1354000
2014-06-13,1276500
2014-06-16,1869500
2014-06-17,7251700
2014-06-18,4284800
2014-06-19,2882500
2014-06-20,2372300
2014-06-23,1551000
2014-06-24,1839300
2014-06-25,2385000
2014-06-26,1806400
2014-06-27,1702700
2014-06-30,2647600
2014-07-01,3472700
2014-07-02,2819400
2014-07-03,2776100
2014-07-07,1941300
2014-07-08,2035300
2014-07-09,3945400
2014-07-10,6011600
2014-07-11,2071400
2014-07-14,2632700
2014-07-15,2888400
2014-07-16,4264900
2014-07-17,5767800
2014-07-18,1994800
2014-07-21,3111700
2014-07-22,3707100
2014-07-23,1995900
2014-07-24,3089100
2014-07-25,3072300
2014-07-28,5355100
2014-07-29,3877100
2014-07-30,5415100
2014-07-31,7460000
2014-08-01,10942000
2014-08-04,7020400
2014-08-05,3612500
2014-08-06,4167700
2014-08-07,3833900
2014-08-08,3426300
2014-08-11,6908300
2014-08-12,4231700
2014-08-13,4960200
2014-08-14,4246600
2014-08-15,6051300
2014-08-18,5112800
2014-08-19,2747200
2014-08-20,2470000
2014-08-21,1869100
2014-08-22,3065500
2014-08-25,1958000
2014-08-26,1562400
2014-08-27,3685200
2014-08-28,1815400
2014-08-29,2046000
2014-09-02,4484800
2014-09-03,3200200
2014-09-04,4754500
2014-09-05,4752700
2014-09-08,2549200
2014-09-09,4647900
2014-09-10,3290600
2014-09-11,2822400
2014-09-12,5372500
2014-09-15,3592400
2014-09-16,5132200
2014-09-17,4399300
2014-09-18,3640300
2014-09-19,6000600
2014-09-22,4355300
2014-09-23,3573100
2014-09-24,6342700
2014-09-25,7348000
2014-09-26,11842500
2014-09-29,6289400
2014-09-30,6905400
2014-10-01,9996600
2014-10-02,6197300
2014-10-03,6371600
2014-10-06,4213800
2014-10-07,4994200
2014-10-08,7589400
2014-10-09,7177500
2014-10-10,14239800
2014-10-13,7908500
2014-10-14,11695300
2014-10-15,11711300
2014-10-16,12623100
2014-10-17,13575900
2014-10-20,7331400
2014-10-21,7453700
2014-10-22,8363900
2014-10-23,9482300
2014-10-24,5764300
2014-10-27,4911400
2014-10-28,6024200
2014-10-29,5320700
2014-10-30,3341700
2014-10-31,5065400
2014-11-03,4936200
2014-11-04,5886200
2014-11-05,4399300
2014-11-06,3747700
2014-11-07,3456300
2014-11-10,2680400
2014-11-11,2730700
2014-11-12,3218900
2014-11-13,5081300
2014-11-14,7868000
2014-11-17,5213700
2014-11-18,5227200
2014-11-19,7733300
2014-11-20,3274300
2014-11-21,7983000
2014-11-24,4569100
2014-11-25,4878500
2014-11-26,3055800
2014-11-28,5290500
2014-12-01,12432400
2014-12-02,6821200
2014-12-03,7627000
2014-12-04,4581600
2014-12-05,5237400
2014-12-08,6770800
2014-12-09,9702100
2014-12-10,15409400
2014-12-11,12053000
2014-12-12,11563300
2014-12-15,14114000
2014-12-16,14875500
2014-12-17,16864000
2014-12-18,16638700
2014-12-19,9952800
2014-12-22,6622400
2014-12-23,5314400
2014-12-24,2285700
2014-12-26,1815500
2014-12-29,4717100
2014-12-30,3624300
2014-12-31,4185400
2015-01-02,3271900
2015-01-05,7523100
2015-01-06,9489700
2015-01-07,8353100
2015-01-08,8388600
2015-01-09,6766700
2015-01-12,8698500
2015-01-13,7738700
2015-01-14,7415500
2015-01-15,7061300
2015-01-16,7685500
2015-01-20,5915300
2015-01-21,6110700
2015-01-22,6940100
2015-01-23,5134500
2015-01-26,8252300
2015-01-27,8771100
2015-01-28,5622400
2015-01-29,4923200
2015-01-30,6383000
2015-02-02,4120600
2015-02-03,11682400
2015-02-04,8333900
2015-02-05,10172500
2015-02-06,6076700
2015-02-09,4672800
2015-02-10,6846600
2015-02-11,5688000
2015-02-12,3185400
2015-02-13,4676600
2015-02-17,6624200
2015-02-18,4744400
2015-02-19,2964800
2015-02-20,5470600
2015-02-23,4165700
2015-02-24,3689300
2015-02-25,9048500
2015-02-26,7928200
2015-02-27,4521800
2015-03-02,6933000
2015-03-03,10032000
2015-03-04,7832800
2015-03-05,6412500
2015-03-06,9271900
2015-03-09,9607500
2015-03-10,12447300
2015-03-11,9214800
2015-03-12,4469900
2015-03-13,6184500
2015-03-16,4772600
2015-03-17,13059600
2015-03-18,11633900
2015-03-19,9226000
2015-03-20,9127300
2015-03-23,5459200
2015-03-24,6767200
2015-03-25,5364600
2015-03-26,4876400
2015-03-27,3822000
2015-03-30,4197700
2015-03-31,4498400
2015-04-01,9298200
2015-04-02,4774400
2015-04-06,5020700
2015-04-07,8659800
2015-04-08,7151900
2015-04-09,3415700
2015-04-10,3012700
2015-04-13,2866600
2015-04-14,2830000
2015-04-15,4438300
2015-04-16,5285400
2015-04-17,3901300
2015-04-20,3641000
2015-04-21,3730700
2015-04-22,4031100
2015-04-23,4755200
2015-04-24,4221400
2015-04-27,5049600
2015-04-28,4697400
2015-04-29,8152700
2015-04-30,11463800
2015-05-01,8053700
2015-05-04,6683700
2015-05-05,12736900
2015-05-06,13677500
2015-05-07,8676400
2015-05-08,10319600
2015-05-11,5499200
2015-05-12,6569200
2015-05-13,4349000
2015-05-14,5147100
2015-05-15,8939400
2015-05-18,2843700
2015-05-19,4743200
2015-05-20,2841700
2015-05-21,3709300
2015-05-22,3716900
2015-05-26,3951500
2015-05-27,3737800
2015-05-28,5440700
2015-05-29,4764000
2015-06-01,9372600
2015-06-02,5203700
2015-06-03,9532700
2015-06-04,11381700
2015-06-05,7747600
2015-06-08,6487800
2015-06-09,11416200
2015-06-10,5187500
2015-06-11,5202100
2015-06-12,5713500
2015-06-15,12726200
2015-06-16,5249800
2015-06-17,5660400
2015-06-18,6869900
2015-06-19,12585700
2015-06-22,5035400
2015-06-23,3474800
2015-06-24,2636900
2015-06-25,5176700
2015-06-26,6683200
2015-06-29,10156900
2015-06-30,4912700
2015-07-01,13614700
2015-07-02,5586300
2015-07-06,4719100
2015-07-07,8406300
2015-07-08,5744800
2015-07-09,6291000
2015-07-10,7097900
2015-07-13,6119200
2015-07-14,6354100
2015-07-15,5983300
2015-07-16,7523600
2015-07-17,7788400
2015-07-20,6740400
2015-07-21,4904800
2015-07-22,10578500
2015-07-23,4918400
2015-07-24,4702900
2015-07-27,11061700
2015-07-28,10471000
2015-07-29,8839500
2015-07-30,6127600
2015-07-31,5936500
2015-08-03,5416900
2015-08-04,3691400
2015-08-05,7778300
2015-08-06,10794800
2015-08-07,5483500
2015-08-10,3234500
2015-08-11,4598600
2015-08-12,6371900
2015-08-13,7422100
2015-08-14,3437900
2015-08-17,4153600
2015-08-18,5471300
2015-08-19,7208500
2015-08-20,11099100
2015-08-21,13158600
2015-08-24,19116200
2015-08-25,18194700
2015-08-26,10654800
2015-08-27,12772100
2015-08-28,9100000
2015-08-31,5408800
2015-09-01,4739100
2015-09-02,5259700
2015-09-03,8779000
2015-09-04,4671000
2015-09-08,5450300
2015-09-09,4914800
2015-09-10,4744100
2015-09-11,4834900
2015-09-14,4383100
2015-09-15,4247800
2015-09-16,5026700
2015-09-17,6576800
2015-09-18,10827600
2015-09-21,7579000
2015-09-22,7366900
2015-09-23,7686000
2015-09-24,9167500
2015-09-25,8384200
2015-09-28,12416300
2015-09-29,11417600
2015-09-30,14539800
2015-10-01,12179800
2015-10-02,14060200
2015-10-05,13531400
2015-10-06,13985800
2015-10-07,18000700
2015-10-08,9466900
2015-10-09,9900600
2015-10-12,3867000
2015-10-13,7772600
2015-10-14,7748100
2015-10-15,8049200
2015-10-16,5978200
2015-10-19,10347000
2015-10-20,10294800
2015-10-21,14332200
2015-10-22,11805100
2015-10-23,13201700
2015-10-26,9354100
2015-10-27,5585800
2015-10-28,8637000
2015-10-29,6064500
2015-10-30,8803100
2015-11-02,5476000
2015-11-03,5873700
2015-11-04,6082100
2015-11-05,8529600
2015-11-06,8207700
2015-11-09,10127900
2015-11-10,9673000
2015-11-11,3943900
2015-11-12,11570600
2015-11-13,7487900
2015-11-16,8228200
2015-11-17,9106400
2015-11-18,7479000
2015-11-19,9428300
2015-11-20,9763700
2015-11-23,5138900
2015-11-24,9529200
2015-11-25,7132500
2015-11-27,2259900
2015-11-30,5356300
2015-12-01,9849200
2015-12-02,11871300
2015-12-03,15290200
2015-12-04,14027900
2015-12-07,11989900
2015-12-08,25199100
2015-12-09,16703900
2015-12-10,14206800
2015-12-11,54233300
2015-12-14,38540500
2015-12-15,36337800
2015-12-16,30575300
2015-12-17,17345300
2015-12-18,23548900
2015-12-21,14468700
2015-12-22,12569500
2015-12-23,12824900
2015-12-24,5284300
2015-12-28,7151600
2015-12-29,7485500
2015-12-30,13145300
2015-12-31,7935200
2016-01-04,14787700
2016-01-05,11491300
2016-01-06,11320100
2016-01-07,11004700
2016-01-08,17902100
2016-01-11,16917700
2016-01-12,15217700
2016-01-13,20352700
2016-01-14,18572700
2016-01-15,27309900
2016-01-19,15975700
2016-01-20,25973500
2016-01-21,20065800
2016-01-22,17653100
2016-01-25,16448400
2016-01-26,12010900
2016-01-27,14563000
2016-01-28,14622600
2016-01-29,14218700
2016-02-01,8865500
2016-02-02,15442100
2016-02-03,15465200
2016-02-04,8989700
2016-02-05,14632300
2016-02-08,15649900
2016-02-09,18685000
2016-02-10,13086000
2016-02-11,22158200
2016-02-12,17751500
2016-02-16,14106000
2016-02-17,16353000
2016-02-18,13247300
2016-02-19,12879900
2016-02-22,13826600
2016-02-23,16809700
2016-02-24,13622100
2016-02-25,10699100
2016-02-26,12060200
2016-02-29,23746800
2016-03-01,24023200
2016-03-02,14987400
2016-03-03,12018400
2016-03-04,18029900
2016-03-07,12656200
2016-03-08,17813700
2016-03-09,7699600
2016-03-10,18167000
2016-03-11,18662700
2016-03-14,12512400
2016-03-15,16442600
2016-03-16,21567100
2016-03-17,18423000
2016-03-18,12922000
2016-03-21,12653600
2016-03-22,8941200
2016-03-23,11354200
2016-03-24,13497800
2016-03-28,11298900
2016-03-29,11348400
2016-03-30,11796400
2016-03-31,9436700
2016-04-01,10822400
2016-04-04,9269700
2016-04-05,13254500
2016-04-06,13935000
2016-04-07,11306100
2016-04-08,7953000
2016-04-11,8126900
2016-04-12,11772800
2016-04-13,13596100
2016-04-14,10758400
2016-04-15,7857300
2016-04-18,9211400
2016-04-19,11623600
2016-04-20,10128800
2016-04-21,13349500
2016-04-22,10982300
2016-04-25,8972400
2016-04-26,8291000
2016-04-27,10505400
2016-04-28,9229000
2016-04-29,20284700
2016-05-02,11420700
2016-05-03,18449200
2016-05-04,17645200
2016-05-05,18782100
2016-05-06,16204400
2016-05-09,11622800
2016-05-10,11420700
2016-05-11,20692000
2016-05-12,11312400
2016-05-13,11332400
2016-05-16,12981700
2016-05-17,7489900
2016-05-18,16612500
2016-05-19,20290200
2016-05-20,10556700
2016-05-23,10457400
2016-05-24,10838400
2016-05-25,15119600
2016-05-26,12269000
2016-05-27,6225600
2016-05-31,11994100
2016-06-01,16488600
2016-06-02,12118900
2016-06-03,13093000
2016-06-06,16126200
2016-06-07,18423500
2016-06-08,14652800
2016-06-09,11188300
2016-06-10,15259900
2016-06-13,17257900
2016-06-14,20578800
2016-06-15,14202800
2016-06-16,19195500
2016-06-17,16113800
2016-06-20,13368400
2016-06-21,12141800
2016-06-22,10759500
2016-06-23,9920200
2016-06-24,31416700
2016-06-27,27244200
2016-06-28,13910300
2016-06-29,23604300
2016-06-30,26304600
2016-07-01,16343000
2016-07-05,12078200
2016-07-06,9607000
2016-07-07,13058100
2016-07-08,21395600
2016-07-11,18313500
2016-07-12,16074300
2016-07-13,13040300
2016-07-14,7764400
2016-07-15,9163800
2016-07-18,7447200
2016-07-19,7349700
2016-07-20,7247500
2016-07-21,11265000
2016-07-22,10523500
2016-07-25,14768400
2016-07-26,14292600
2016-07-27,11730800
2016-07-28,17968100
2016-07-29,15202400
2016-08-01,18335300
2016-08-02,21959800
2016-08-03,13733700
2016-08-04,11832000
2016-08-05,12314900
2016-08-08,10800900
2016-08-09,13772300
2016-08-10,7250400
2016-08-11,6732600
2016-08-12,3996500
2016-08-15,9396400
2016-08-16,8104400
2016-08-17,14139600
2016-08-18,8582700
2016-08-19,7474000
2016-08-22,5364700
2016-08-23,7476400
2016-08-24,6655300
2016-08-25,7482800
2016-08-26,10544900
2016-08-29,10038500
2016-08-30,16157400
2016-08-31,16985000
2016-09-01,14952700
2016-09-02,13540100
2016-09-06,12662000
2016-09-07,8245100
2016-09-08,8430700
2016-09-09,25087600
2016-09-12,17718300
2016-09-13,21907200
2016-09-14,14257700
2016-09-15,9964800
2016-09-16,8396600
2016-09-19,9855500
2016-09-20,8705600
2016-09-21,17484300
2016-09-22,11813600
2016-09-23,13122600
2016-09-26,6590500
2016-09-27,8516500
2016-09-28,11149300
2016-09-29,13425800
2016-09-30,12158000
2016-10-03,10708800
2016-10-04,11057500
2016-10-05,9424500
2016-10-06,9455200
2016-10-07,10824200
2016-10-10,4182300
2016-10-11,8855400
2016-10-12,7915300
2016-10-13,10614800
2016-10-14,6766300
2016-10-17,7790000
2016-10-18,8404600
2016-10-19,9874300
2016-10-20,12558000
2016-10-21,8332900
2016-10-24,7200800
2016-10-25,6906500
2016-10-26,13813300
2016-10-27,19333100
2016-10-28,19745600
2016-10-31,21174600
2016-11-01,26184000
2016-11-02,19593600
2016-11-03,12699700
2016-11-04,10970400
2016-11-07,14416200
2016-11-08,20370600
2016-11-09,24858900
2016-11-10,33213300
2016-11-11,16442900
2016-11-14,21036000
2016-11-15,17888600
2016-11-16,11965700
2016-11-17,12017600
2016-11-18,17781800
2016-11-21,11581600
2016-11-22,16648100
2016-11-23,10662900
2016-11-25,2009600
2016-11-28,16897400
2016-11-29,9164000
2016-11-30,15211300
2016-12-01,18249400
2016-12-02,9360400
2016-12-05,9782100
2016-12-06,16090600
2016-12-07,20886400
2016-12-08,10782100
2016-12-09,6463400
2016-12-12,8457100
2016-12-13,10739200
2016-12-14,15672400
2016-12-15,11221700
2016-12-16,15722200
2016-12-19,5897900
2016-12-20,11072400
2016-12-21,17461400
2016-12-22,8507600
2016-12-23,4230500
2016-12-27,5840600
2016-12-28,6961200
2016-12-29,3794300
2016-12-30,7513400
2017-01-03,14050100
2017-01-04,11912400
2017-01-05,10458600
2017-01-06,6836400
2017-01-09,6648800
2017-01-10,11777000
2017-01-11,11914200
2017-01-12,12512300
2017-01-13,8861000
2017-01-17,8633000
2017-01-18,12715500
2017-01-19,10703200
2017-01-20,9262000
2017-01-23,13561300
2017-01-24,7490500
2017-01-25,8953900
2017-01-26,7443900
2017-01-27,7888100
2017-01-30,7637600
2017-01-31,12249400
2017-02-01,12489400
2017-02-02,10886200
2017-02-03,12674000
2017-02-06,7004900
2017-02-07,11170100
2017-02-08,11107300
2017-02-09,7292600
2017-02-10,5471800
2017-02-13,7477200
2017-02-14,8785000
2017-02-15,10582800
2017-02-16,8917800
2017-02-17,6247300
2017-02-21,10437800
2017-02-22,10963600
2017-02-23,8150200
2017-02-24,8390200
2017-02-27,5693300
2017-02-28,5868400
2017-03-01,10612100
2017-03-02,9193000
2017-03-03,15059300
2017-03-06,17066300
2017-03-07,17023100
2017-03-08,22433500
2017-03-09,21260700
2017-03-10,20643900
2017-03-13,13512300
2017-03-14,12808500
2017-03-15,19654600
2017-03-16,15807500
2017-03-17,9984500
2017-03-20,12220600
2017-03-21,16918200
2017-03-22,14054600
2017-03-23,10618900
2017-03-24,8920800
2017-03-27,7788700
2017-03-28,16871700
2017-03-29,12266300
2017-03-30,16367900
2017-03-31,11778400
2017-04-03,20664400
2017-04-04,8473900
2017-04-05,11102300
2017-04-06,7234500
2017-04-07,5457800
2017-04-10,7996900
2017-04-11,8005800
2017-04-12,8723800
2017-04-13,10446700
2017-04-17,7158700
2017-04-18,9062800
2017-04-19,8643200
2017-04-20,7766000
2017-04-21,11328200
2017-04-24,8904700
2017-04-25,12493400
2017-04-26,7269000
2017-04-27,6897900
2017-04-28,7542800
2017-05-01,10336000
2017-05-02,10792800
2017-05-03,7413400
2017-05-04,20562500
2017-05-05,14935200
2017-05-08,8199200
2017-05-09,10810000
2017-05-10,10824900
2017-05-11,8461400
2017-05-12,8929900
2017-05-15,10690200
2017-05-16,12638900
2017-05-17,14055700
2017-05-18,10731800
2017-05-19,15998800
2017-05-22,7181800
2017-05-23,6998400
2017-05-24,8533600
2017-05-25,7985500
2017-05-26,2909500
2017-05-30,5371100
2017-05-31,13758400
2017-06-01,19189300
2017-06-02,9491600
2017-06-05,10384400
2017-06-06,14386500
2017-06-07,13329000
2017-06-08,14208300
2017-06-09,10414900
2017-06-12,9900000
2017-06-13,8640400
2017-06-14,8850700
2017-06-15,10860500
2017-06-16,11996100
2017-06-19,6398400
2017-06-20,18318500
2017-06-21,26728100
2017-06-22,18699400
2017-06-23,11337700
2017-06-26,9504500
2017-06-27,15293300
2017-06-28,9755500
2017-06-29,14548400
2017-06-30,8202000
2017-07-03,13882000
2017-07-05,16269100
2017-07-06,15424700
2017-07-07,15731200
2017-07-10,12286600
2017-07-11,9261400
2017-07-12,17979900
2017-07-13,11744600
2017-07-14,12626700
2017-07-17,10158100
2017-07-18,9221100
2017-07-19,8250900
2017-07-20,11827800
2017-07-21,8771700
2017-07-24,4707500
2017-07-25,7292900
2017-07-26,7279800
2017-07-27,11624500
2017-07-28,4945300
2017-07-31,9779900
2017-08-01,14946800
2017-08-02,7422700
2017-08-03,9548300
2017-08-04,6451600
2017-08-07,5204700
2017-08-08,18534700
2017-08-09,15001700
2017-08-10,24749700
2017-08-11,17434300
2017-08-14,12566000
2017-08-15,6830500
2017-08-16,11716100
2017-08-17,14112300
2017-08-18,14324400
2017-08-21,7763400
2017-08-22,12982200
2017-08-23,6449500
2017-08-24,8480100
2017-08-25,6622800
2017-08-28,5161700
2017-08-29,8991600
2017-08-30,13431100
2017-08-31,12705200
2017-09-01,10535700
2017-09-05,9560500
2017-09-06,9023300
2017-09-07,8784000
2017-09-08,7688700
2017-09-11,8047600
2017-09-12,4752800
2017-09-13,11725900
2017-09-14,9554600
2017-09-15,8248000
2017-09-18,7442200
2017-09-19,7208300
2017-09-20,10087200
2017-09-21,6932300
2017-09-22,7570500
2017-09-25,4326200
2017-09-26,8816500
2017-09-27,7490100
2017-09-28,5934000
2017-09-29,8906900
2017-10-02,13097600
2017-10-03,5928800
2017-10-04,5832400
2017-10-05,5967900
2017-10-06,5847400
2017-10-09,3278400
2017-10-10,8786500
2017-10-11,7948700
2017-10-12,6181100
2017-10-13,3941200
2017-10-16,6060300
2017-10-17,7468100
2017-10-18,7974400
2017-10-19,7270600
2017-10-20,7107000
2017-10-23,7227200
2017-10-24,7103700
2017-10-25,16817000
2017-10-26,10649800
2017-10-27,13720000
2017-10-30,5954500
2017-10-31,7198400
2017-11-01,9505500
2017-11-02,6096800
2017-11-03,7003200
2017-11-06,12262400
2017-11-07,11805400
2017-11-08,18120000
2017-11-09,38343500
2017-11-10,24521600
2017-11-13,16280500
2017-11-14,13870600
2017-11-15,25382000
2017-11-16,30075200
2017-11-17,15942100
2017-11-20,8930300
2017-11-21,10102400
2017-11-22,9473800
2017-11-24,3126500
2017-11-27,10645400
2017-11-28,10403700
2017-11-29,11806200
2017-11-30,17981500
2017-12-01,15485800
2017-12-04,14801700
2017-12-05,9347600
2017-12-06,10081700
2017-12-07,8955900
2017-12-08,9100400
2017-12-11,11847900
2017-12-12,8846700
2017-12-13,7495000
2017-12-14,19337000
2017-12-15,14223900
2017-12-18,11735200
2017-12-19,10985000
2017-12-20,11857400
2017-12-21,11195700
2017-12-22,11136900
2017-12-26,5798900
2017-12-27,5625500
2017-12-28,6116500
2017-12-29,5116800
2018-01-02,7223500
2018-01-03,20557100
2018-01-04,13610900
2018-01-05,9851600
2018-01-08,9804000
2018-01-09,13550400
2018-01-10,33182000
2018-01-11,12911500
2018-01-12,12088500
2018-01-16,18474100
2018-01-17,16340400
2018-01-18,16134900
2018-01-19,14401800
2018-01-22,16674700
2018-01-23,11600300
2018-01-24,10746300
2018-01-25,11039300
2018-01-26,7164100
2018-01-29,19590800
2018-01-30,18469300
2018-01-31,12692800
2018-02-01,17920000
2018-02-02,24787000
2018-02-05,28071300
2018-02-06,33924300
2018-02-07,24298100
2018-02-08,25419300
2018-02-09,47230300
2018-02-12,23448100
2018-02-13,14679900
2018-02-14,19332400
2018-02-15,21931600
2018-02-16,29195600
2018-02-20,22740600
2018-02-21,15656700
2018-02-22,14626900
2018-02-23,15919500
2018-02-26,10996300
2018-02-27,13840900
2018-02-28,8751000
2018-03-01,24974200
2018-03-02,18767600
2018-03-05,9000200
2018-03-06,14462900
2018-03-07,8195200
2018-03-08,10201800
2018-03-09,8942600
2018-03-12,10126500
2018-03-13,19020400
2018-03-14,10802500
2018-03-15,8647900
2018-03-16,11006000
2018-03-19,14298800
2018-03-20,14317800
2018-03-21,8643700
2018-03-22,15972300
2018-03-23,21847400
2018-03-26,12454200
2018-03-27,12661500
2018-03-28,14642900
2018-03-29,10299600
2018-04-02,18902700
2018-04-03,12994100
2018-04-04,9677200
2018-04-05,10152000
2018-04-06,12680800
2018-04-09,9043200
2018-04-10,11434100
2018-04-11,7675500
2018-04-12,23692600
2018-04-13,16213400
2018-04-16,10781600
2018-04-17,15577600
2018-04-18,13745600
2018-04-19,19345500
2018-04-20,17693500
2018-04-23,15971100
2018-04-24,17872600
2018-04-25,15078400
2018-04-26,17479700
2018-04-27,7014700
2018-04-30,12473000
2018-05-01,18707700
2018-05-02,12057000
2018-05-03,21626200
2018-05-04,14862100
2018-05-07,23063900
2018-05-08,13693500
2018-05-09,10476200
2018-05-10,13375800
2018-05-11,8505100
2018-05-14,14695800
2018-05-15,20008800
2018-05-16,13028100
2018-05-17,13198300
2018-05-18,14241600
2018-05-21,7000400
2018-05-22,6220700
2018-05-23,13053100
2018-05-24,12468600
2018-05-25,12895700
2018-05-29,13519800
2018-05-30,15145000
2018-05-31,17391000
2018-06-01,12891000
2018-06-04,13830900
2018-06-05,10614100
2018-06-06,6920900
2018-06-07,13764400
2018-06-08,9784000
2018-06-11,10429300
2018-06-12,12432400
2018-06-13,9958900
2018-06-14,13954300
2018-06-15,16303700
2018-06-18,11512000
2018-06-19,12543200
2018-06-20,10422800
2018-06-21,8132500
2018-06-22,7385200
2018-06-25,13975400
2018-06-26,7503900
2018-06-27,13119200
2018-06-28,13829300
2018-06-29,17450500
2018-07-02,22438600
2018-07-03,10098600
2018-07-05,12729400
2018-07-06,9640300
2018-07-09,11517200
2018-07-10,7531700
2018-07-11,14111200
2018-07-12,10327300
2018-07-13,9860300
2018-07-16,7963100
2018-07-17,10721000
2018-07-18,12838600
2018-07-19,6907300
2018-07-20,9329000
2018-07-23,7459200
2018-07-24,11803700
2018-07-25,11342300
2018-07-26,9233600
2018-07-27,10811200
2018-07-30,8400500
2018-07-31,10709500
2018-08-01,23297900
2018-08-02,10989200
2018-08-03,6940500
2018-08-06,7521900
2018-08-07,8408200
2018-08-08,10103600
2018-08-09,6354700
2018-08-10,9473300
2018-08-13,10479000
2018-08-14,9767700
2018-08-15,14684800
2018-08-16,14931800
2018-08-17,15280900
2018-08-20,8174900
2018-08-21,9281400
2018-08-22,8297400
2018-08-23,7751800
2018-08-24,7458500
2018-08-27,5581700
2018-08-28,8175300
2018-08-29,7403700
2018-08-30,8481700
2018-08-31,9569300
2018-09-04,16029000
2018-09-05,13369200
2018-09-06,13137500
2018-09-07,12374700
2018-09-10,6997900
2018-09-11,17897800
2018-09-12,14041900
2018-09-13,10375800
2018-09-14,12945000
2018-09-17,13279900
2018-09-18,19882300
2018-09-19,14471100
2018-09-20,15360100
2018-09-21,10966700
2018-09-24,10229400
2018-09-25,13240400
2018-09-26,19504800
2018-09-27,7996600
2018-09-28,17085200
2018-10-01,22566000
2018-10-02,13577600
2018-10-03,17930600
2018-10-04,24935100
2018-10-05,25063300
2018-10-08,12869500
2018-10-09,19488500
2018-10-10,25204700
2018-10-11,37665300
2018-10-12,31877600
2018-10-15,16658500
2018-10-16,18955700
2018-10-17,18739400
2018-10-18,28653800
2018-10-19,20606400
2018-10-22,15049900
2018-10-23,20873200
2018-10-24,23827800
2018-10-25,29513700
2018-10-26,27424100
2018-10-29,23379400
2018-10-30,24105300
2018-10-31,23047900
2018-11-01,33115700
2018-11-02,19675800
2018-11-05,12299600
2018-11-06,14675500
2018-11-07,26155500
2018-11-08,20677500
2018-11-09,20869300
2018-11-12,22319600
2018-11-13,22907600
2018-11-14,44747700
2018-11-15,32332600
2018-11-16,64912800
2018-11-19,36567300
2018-11-20,21901900
2018-11-21,16560400
2018-11-23,9708100
2018-11-26,19807100
2018-11-27,14370700
2018-11-28,23513100
2018-11-29,17927900
2018-11-30,15081000
2018-12-03,27052900
2018-12-04,32066500
2018-12-06,27661900
2018-12-07,28901200
2018-12-10,23434700
2018-12-11,19243900
2018-12-12,17571500
2018-12-13,15859200
2018-12-14,16397600
2018-12-17,24124900
2018-12-18,25284300
2018-12-19,32062700
2018-12-20,68796100
2018-12-21,56295000
2018-12-24,18853600
2018-12-26,25010300
2018-12-27,31806100
2018-12-28,30106400
2018-12-31,14153600
2019-01-02,26977400
2019-01-03,32776600
2019-01-04,38754000
2019-01-07,38127600
2019-01-08,30795000
2019-01-09,40909400
2019-01-10,50520000
2019-01-11,19793300
2019-01-14,20137700
2019-01-15,24799000
2019-01-16,26508100
2019-01-17,24574400
2019-01-18,36236400
2019-01-22,25504200
2019-01-23,18529400
2019-01-24,17875500
2019-01-25,16775200
2019-01-28,14694100
2019-01-29,18717000
2019-01-30,25993500
2019-01-31,27070400
2019-02-01,24749900
2019-02-04,15968400
2019-02-05,33188300
2019-02-06,25936800
2019-02-07,27119400
2019-02-08,16728100
2019-02-11,10051800
2019-02-12,20174000
2019-02-13,25088400
2019-02-14,19406700
2019-02-15,24052000
2019-02-19,11317700
2019-02-20,9925700
2019-02-21,15479800
2019-02-22,12330300
2019-02-25,13698200
2019-02-26,16049300
2019-02-27,14818900
2019-02-28,21340600
2019-03-01,26455300
2019-03-04,16034400
2019-03-05,14510100
2019-03-06,16806400
2019-03-07,28101100
2019-03-08,21043400
2019-03-11,17922400
2019-03-12,20180500
2019-03-13,24524800
2019-03-14,12342500
2019-03-15,21775300
2019-03-18,10498900
2019-03-19,14067200
2019-03-20,31184400
2019-03-21,16400700
2019-03-22,27030400
2019-03-25,23592100
2019-03-26,18762700
2019-03-27,16706700
2019-03-28,19706700
2019-03-29,22358900
2019-04-01,21353900
2019-04-02,15129300
2019-04-03,13746500
2019-04-04,14435700
2019-04-05,14227000
2019-04-08,11472100
2019-04-09,19118700
2019-04-10,16767000
2019-04-11,20976100
2019-04-12,17442800
2019-04-15,13940000
2019-04-16,11543800
2019-04-17,11818600
2019-04-18,15295500
2019-04-22,24591400
2019-04-23,15094100
2019-04-24,11938800
2019-04-25,14369000
2019-04-26,11937200
2019-04-29,7601200
2019-04-30,11168100
2019-05-01,24574300
2019-05-02,24936600
2019-05-03,18522700
2019-05-06,18893700
2019-05-07,30266300
2019-05-08,27527500
2019-05-09,30890400
2019-05-10,33782400
2019-05-13,34801600
2019-05-14,18128500
2019-05-15,19543700
2019-05-16,29384100
2019-05-17,27089400
2019-05-20,15780000
2019-05-21,15004300
2019-05-22,14976200
2019-05-23,18333400
2019-05-24,17611600
2019-05-28,20544600
2019-05-29,25441900
2019-05-30,20311900
2019-05-31,34947400
2019-06-03,58940600
2019-06-04,34113300
2019-06-05,28368700
2019-06-06,23538600
2019-06-07,29934000
2019-06-10,17482200
2019-06-11,34293700
2019-06-12,18195500
2019-06-13,19438500
2019-06-14,8842000
2019-06-17,10554000
2019-06-18,22540400
2019-06-19,28212600
2019-06-20,48362000
2019-06-21,22467800
2019-06-24,13764100
2019-06-25,26173600
2019-06-26,19554600
2019-06-27,12995100
2019-06-28,14690800
2019-07-01,26036100
2019-07-02,20683200
2019-07-03,16237900
2019-07-05,17591400
2019-07-08,16679400
2019-07-09,19189100
2019-07-10,24497000
2019-07-11,19191200
2019-07-12,21291200
2019-07-15,10735200
2019-07-16,20147200
2019-07-17,9361300
2019-07-18,17236600
2019-07-19,14771000
2019-07-22,12852800
2019-07-23,14051800
2019-07-24,12713700
2019-07-25,14272500
2019-07-26,8512700
2019-07-29,14731800
2019-07-30,13794100
2019-07-31,23449700
2019-08-01,28839000
2019-08-02,23559600
2019-08-05,47727900
2019-08-06,28695000
2019-08-07,38028500
2019-08-08,27074700
2019-08-09,19090800
2019-08-12,17466700
2019-08-13,30078600
2019-08-14,29745300
2019-08-15,27296500
2019-08-16,15780200
2019-08-19,13603000
2019-08-20,16126800
2019-08-21,18334300
2019-08-22,20677200
2019-08-23,30340300
2019-08-26,14187800
2019-08-27,14722700
2019-08-28,13576000
2019-08-29,16271400
2019-08-30,14413600
2019-09-03,20561500
2019-09-04,13526700
2019-09-05,23399100
2019-09-06,25162700
2019-09-09,17484200
2019-09-10,14055800
2019-09-11,13999200
2019-09-12,23246400
2019-09-13,34407300
2019-09-16,23020800
2019-09-17,14626400
2019-09-18,15913800
2019-09-19,13327000
2019-09-20,23298400
2019-09-23,15456800
2019-09-24,21934200
2019-09-25,15142100
2019-09-26,13873100
2019-09-27,13419200
2019-09-30,21827700
2019-10-01,27665700
2019-10-02,33789500
2019-10-03,30387800
2019-10-04,17588600
2019-10-07,14542500
2019-10-08,15471500
2019-10-09,11351300
2019-10-10,11092800
2019-10-11,18661400
2019-10-14,9842600
2019-10-15,26321500
2019-10-16,11813000
2019-10-17,14814300
2019-10-18,21363700
2019-10-21,10090400
2019-10-22,15464300
2019-10-23,9097500
2019-10-24,14832800
2019-10-25,11593600
2019-10-28,10646500
2019-10-29,10655700
2019-10-30,24566400
2019-10-31,24576400
2019-11-01,23894100
2019-11-04,14135800
2019-11-05,21946800
2019-11-06,8976900
2019-11-07,15077600
2019-11-08,11692800
2019-11-11,4933600
2019-11-12,14690200
2019-11-13,15333600
2019-11-14,14965100
2019-11-15,12996200
2019-11-18,13135800
2019-11-19,20175500
2019-11-20,22566100
2019-11-21,17853800
2019-11-22,20394800
2019-11-25,16885300
2019-11-26,11469400
2019-11-27,11814700
2019-11-29,11519500
2019-12-02,20966400
2019-12-03,29757200
2019-12-04,12406800
2019-12-05,18158900
2019-12-06,16094700
2019-12-09,18034300
2019-12-10,15117100
2019-12-11,14127500
2019-12-12,18958100
2019-12-13,18088100
2019-12-16,17517400
2019-12-17,18650700
2019-12-18,31575700
2019-12-19,29429300
2019-12-20,31918800
2019-12-23,9720200
2019-12-24,4854900
2019-12-26,11382700
2019-12-27,11627100
2019-12-30,12524300
2019-12-31,8310800
2020-01-02,15756600
2020-01-03,17342200
2020-01-06,17936900
2020-01-07,9640300
2020-01-08,16088100
2020-01-09,16649500
2020-01-10,16182900
2020-01-13,17762400
2020-01-14,29157100
2020-01-15,24637900
2020-01-16,22349200
2020-01-17,29626700
2020-01-21,19724900
2020-01-22,17731800
2020-01-23,28566200
2020-01-24,40838300
2020-01-27,41372700
2020-01-28,32628300
2020-01-29,17308200
2020-01-30,20103300
2020-01-31,35659700
2020-02-03,25754700
2020-02-04,25063800
2020-02-05,36687700
2020-02-06,18329900
2020-02-07,12865100
2020-02-10,14220000
2020-02-11,16821500
2020-02-12,26688200
2020-02-13,13297900
2020-02-14,11398800
2020-02-18,26635300
2020-02-19,18547500
2020-02-20,31277000
2020-02-21,23027000
2020-02-24,57828300
2020-02-25,68418000
2020-02-26,69233800
2020-02-27,72596300
2020-02-28,97472600
2020-03-02,72357700
2020-03-03,58721000
2020-03-04,52664700
2020-03-05,62455700
2020-03-06,69860600
2020-03-09,73609600
2020-03-10,57598000
2020-03-11,60006600
2020-03-12,82926400
2020-03-13,69164600
2020-03-16,43080100
2020-03-17,68569400
2020-03-18,54289800
2020-03-19,45706300
2020-03-20,55796500
2020-03-23,48862100
2020-03-24,51304000
2020-03-25,45692600
2020-03-26,41965200
2020-03-27,66536800
2020-03-30,35016900
2020-03-31,31103400
2020-04-01,36859100
2020-04-02,31824800
2020-04-03,39986200
2020-04-06,32347800
2020-04-07,35120800
2020-04-08,46291400
2020-04-09,88846900
2020-04-13,40390500
2020-04-14,37632800
2020-04-15,34367500
2020-04-16,25821900
2020-04-17,38251800
2020-04-20,24676200
2020-04-21,42335600
2020-04-22,15720900
2020-04-23,23896700
2020-04-24,37915200
2020-04-27,20550700
2020-04-28,23927600
2020-04-29,34838300
2020-04-30,34636000
2020-05-01,31859400
2020-05-04,20400900
2020-05-05,26484200
2020-05-06,18823300
2020-05-07,19581700
2020-05-08,21770400
2020-05-11,14285100
2020-05-12,25332700
2020-05-13,29962000
2020-05-14,30429100
2020-05-15,34133400
2020-05-18,31900200
2020-05-19,18536500
2020-05-20,36053700
2020-05-21,23307300
2020-05-22,11311900
2020-05-26,27673800
2020-05-27,24905000
2020-05-28,23282500
2020-05-29,32189000
2020-06-01,46987000
2020-06-02,35930900
2020-06-03,35991000
2020-06-04,36405800
2020-06-05,35306500
2020-06-08,20493100
2020-06-09,28412400
2020-06-10,36663100
2020-06-11,48794500
2020-06-12,36156800
2020-06-15,39432300
2020-06-16,40976300
2020-06-17,17066700
2020-06-18,22223600
2020-06-19,32037600
2020-06-22,21536000
2020-06-23,17438000
2020-06-24,43720600
2020-06-25,31159700
2020-06-26,33705800
2020-06-29,76540200
2020-06-30,40554300
2020-07-01,28799100
2020-07-02,30623300
2020-07-06,22888200
2020-07-07,22408000
2020-07-08,21155700
2020-07-09,21655600
2020-07-10,17903400
2020-07-13,20039400
2020-07-14,31929700
2020-07-15,21291300
2020-07-16,17570400
2020-07-17,22863700
2020-07-20,16701600
2020-07-21,22331600
2020-07-22,15251400
2020-07-23,28434900
2020-07-24,14977500
2020-07-27,12931500
2020-07-28,14862900
2020-07-29,18012800
2020-07-30,54812400
2020-07-31,28623100
2020-08-03,17480600
2020-08-04,17120700
2020-08-05,14566000
2020-08-06,13258600
2020-08-07,14289900
2020-08-10,13708700
2020-08-11,20535400
2020-08-12,18003400
2020-08-13,28444900
2020-08-14,14072300
2020-08-17,13756500
2020-08-18,24900300
2020-08-19,18738300
2020-08-20,19912800
2020-08-21,17570600
2020-08-24,16058100
2020-08-25,24018600
2020-08-26,16243100
2020-08-27,19861800
2020-08-28,14418500
2020-08-31,21473800
2020-09-01,22774200
2020-09-02,15878600
2020-09-03,34169800
2020-09-04,36087300
2020-09-08,34967600
2020-09-09,32976800
2020-09-10,32866300
2020-09-11,20807100
2020-09-14,28958000
2020-09-15,22176900
2020-09-16,26951200
2020-09-17,25752400
2020-09-18,29891800
2020-09-21,42968900
2020-09-22,41396800
2020-09-23,39577800
2020-09-24,38755800
2020-09-25,36032200
2020-09-28,20277000
2020-09-29,20243400
2020-09-30,28797600
2020-10-01,31098000
2020-10-02,26284300
2020-10-05,27394000
2020-10-06,37848500
2020-10-07,20968200
2020-10-08,18738800
2020-10-09,21287800
2020-10-12,10503400
2020-10-13,25183100
2020-10-14,31620600
2020-10-15,32232100
2020-10-16,27456900
2020-10-19,20998100
2020-10-20,27650700
2020-10-21,26901600
2020-10-22,28977800
2020-10-23,20734700
2020-10-26,50102400
2020-10-27,30880900
2020-10-28,45794300
2020-10-29,37112600
2020-10-30,36801700
2020-11-02,25665400
2020-11-03,39777600
2020-11-04,57673400
2020-11-05,55079000
2020-11-06,25953400
2020-11-09,59347100
2020-11-10,39295700
2020-11-11,14416200
2020-11-12,43300100
2020-11-13,20277100
2020-11-16,28350400
2020-11-17,23747100
2020-11-18,22098900
2020-11-19,21704200
2020-11-20,48530200
2020-11-23,23790600
2020-11-24,26080100
2020-11-25,26510900
2020-11-27,7338500
2020-11-30,24256900
2020-12-01,26256700
2020-12-02,23705000
2020-12-03,20748400
2020-12-04,19362000
2020-12-07,17811300
2020-12-08,21408300
2020-12-09,36608500
2020-12-10,24251500
2020-12-11,17699600
2020-12-14,20705200
2020-12-15,25052800
2020-12-16,42386700
2020-12-17,23911400
2020-12-18,26741200
2020-12-21,30308300
2020-12-22,21975100
2020-12-23,15913900
2020-12-24,7327300
2020-12-28,22575500
2020-12-29,22893000
2020-12-30,21080100
2020-12-31,12059900
2021-01-04,34528300
2021-01-05,33725500
2021-01-06,37148100
2021-01-07,25868200
2021-01-08,27403600
2021-01-11,26608000
2021-01-12,41746100
2021-01-13,47710300
2021-01-14,25484800
2021-01-15,48134800
2021-01-19,24270500
2021-01-20,24534700
2021-01-21,20451400
2021-01-22,26615900
2021-01-25,28718200
2021-01-26,39103500
2021-01-27,46378600
2021-01-28,38836200
2021-01-29,46095900
2021-02-01,35620700
2021-02-02,29522300
2021-02-03,31911000
2021-02-04,21181100
2021-02-05,21653100
2021-02-08,16590100
2021-02-09,14404300
2021-02-10,20469400
2021-02-11,17047200
2021-02-12,17800100
2021-02-16,22264400
2021-02-17,20276700
2021-02-18,26366700
2021-02-19,28124800
2021-02-22,25455400
2021-02-23,29015900
2021-02-24,21791800
2021-02-25,59413400
2021-02-26,46615300
2021-03-01,48014200
2021-03-02,23988500
2021-03-03,30197000
2021-03-04,49020300
2021-03-05,46950100
2021-03-08,39868700
2021-03-09,31441100
2021-03-10,23776600
2021-03-11,27728500
2021-03-12,21842000
2021-03-15,14719400
2021-03-16,22931400
2021-03-17,28345800
2021-03-18,37150300
2021-03-19,47467800
2021-03-22,32979500
2021-03-23,24705800
2021-03-24,31374500
2021-03-25,24070300
2021-03-26,25948000
2021-03-29,17447500
2021-03-30,19622100
2021-03-31,41604700
2021-04-01,30806600
2021-04-05,20758300
2021-04-06,15367900
2021-04-07,15645400
2021-04-08,11052100
2021-04-09,17413100
2021-04-12,15464500
2021-04-13,20643500
2021-04-14,17992800
2021-04-15,20944400
2021-04-16,32509300
2021-04-19,23904900
2021-04-20,22901000
2021-04-21,19527000
2021-04-22,18506500
2021-04-23,14388700
2021-04-26,12746100
2021-04-27,17660600
2021-04-28,14795000
2021-04-29,17152900
2021-04-30,23367500
2021-05-03,15782400
2021-05-04,23089700
2021-05-05,13676300
2021-05-06,23110100
2021-05-07,17872700
2021-05-10,16580800
2021-05-11,28683600
2021-05-12,31630100
2021-05-13,28689600
2021-05-14,22550800
2021-05-17,13545000
2021-05-18,16447500
2021-05-19,34701000
2021-05-20,28013700
2021-05-21,36466200
2021-05-24,24277800
2021-05-25,15466600
2021-05-26,14354900
2021-05-27,12682100
2021-05-28,15464100
2021-06-01,22655300
2021-06-02,13698300
2021-06-03,16701800
2021-06-04,26829200
2021-06-07,9189800
2021-06-08,10983900
2021-06-09,13232200
2021-06-10,15290000
2021-06-11,12559600
2021-06-14,19408600
2021-06-15,16037000
2021-06-16,21267200
2021-06-17,21099000
2021-06-18,35134500
2021-06-21,21265000
2021-06-22,14604400
2021-06-23,16583100
2021-06-24,12722300
2021-06-25,16175000
2021-06-28,16019300
2021-06-29,12728000
2021-06-30,26093500
2021-07-01,31932400
2021-07-02,11464800
2021-07-06,17784300
2021-07-07,11463700
2021-07-08,21936400
2021-07-09,17698100
2021-07-12,17546700
2021-07-13,26938600
2021-07-14,16100200
2021-07-15,16384800
2021-07-16,17820400
2021-07-19,54224700
2021-07-20,26941300
2021-07-21,18522600
2021-07-22,17110500
2021-07-23,19441000
2021-07-26,15282700
2021-07-27,19919000
2021-07-28,15129200
2021-07-29,18675000
2021-07-30,21062100
2021-08-02,27274400
2021-08-03,16058700
2021-08-04,17113300
2021-08-05,15465700
2021-08-06,12923200
2021-08-09,10788700
2021-08-10,31522900
2021-08-11,15834400
2021-08-12,14127800
2021-08-13,10016800
2021-08-16,12598100
2021-08-17,18468400
2021-08-18,12147600
2021-08-19,20026700
2021-08-20,16784100
2021-08-23,21933100
2021-08-24,20828100
2021-08-25,19085400
2021-08-26,17676100
2021-08-27,18519700
2021-08-30,11640000
2021-08-31,19163900
2021-09-01,22973500
2021-09-02,16521300
2021-09-03,6491000
2021-09-07,11728800
2021-09-08,13020900
2021-09-09,23024700
2021-09-10,16112600
2021-09-13,17136900
2021-09-14,20108000
2021-09-15,17069500
2021-09-16,13859700
2021-09-17,38948500
2021-09-20,49641000
2021-09-21,27304200
2021-09-22,24344800
2021-09-23,27590300
2021-09-24,21713200
2021-09-27,17652900
2021-09-28,35515900
2021-09-29,19783400
2021-09-30,41680700
2021-10-01,30062800
2021-10-04,24726400
2021-10-05,22347700
2021-10-06,28905900
2021-10-07,29054000
2021-10-08,28064300
2021-10-11,16068400
2021-10-12,32922200
2021-10-13,29370400
2021-10-14,26937000
2021-10-15,29782900
2021-10-18,20338400
2021-10-19,26103300
2021-10-20,19720100
2021-10-21,19273600
2021-10-22,20734400
2021-10-25,20230000
2021-10-26,19617200
2021-10-27,18521300
2021-10-28,16374700
2021-10-29,26521600
2021-11-01,29987000
2021-11-02,26441600
2021-11-03,22984200
2021-11-04,28989800
2021-11-05,27595000
2021-11-08,11957900
2021-11-09,13732600
2021-11-10,30438400
2021-11-11,10086100
2021-11-12,26392400
2021-11-15,17057100
2021-11-16,14302000
2021-11-17,17919200
2021-11-18,23421300
2021-11-19,45282700
2021-11-22,26266000
2021-11-23,33967100
2021-11-24,31158800
2021-11-26,36123400
2021-11-29,31728900
2021-11-30,35465700
2021-12-01,41845200
2021-12-02,42383500
2021-12-03,47368800
2021-12-06,28211300
2021-12-07,42893500
2021-12-08,26598200
2021-12-09,24939100
2021-12-10,20247200
2021-12-13,17125800
2021-12-14,20310500
2021-12-15,31699000
2021-12-16,27374000
2021-12-17,27248200
2021-12-20,27560400
2021-12-21,24390500
2021-12-22,17433300
2021-12-23,15612100
2021-12-27,13396700
2021-12-28,17150700
2021-12-29,16760300
2021-12-30,12326100
2021-12-31,11505300
2022-01-03,35368400
2022-01-04,33609900
2022-01-05,44808500
2022-01-06,42823200
2022-01-07,34630100
2022-01-10,52621800
2022-01-11,32513100
2022-01-12,24621400
2022-01-13,31699700
2022-01-14,31046200
2022-01-18,46331500
2022-01-19,31390200
2022-01-20,38217700
2022-01-21,57098000
2022-01-24,79230800
2022-01-25,43642700
2022-01-26,63574900
2022-01-27,47351000
2022-01-28,51496700
2022-01-31,78932100
2022-02-01,42377300
2022-02-02,29261500
2022-02-03,44760800
2022-02-04,65508300
2022-02-07,37620700
2022-02-08,39549000
2022-02-09,37641800
2022-02-10,57751400
2022-02-11,58997100
2022-02-14,36550200
2022-02-15,32724800
2022-02-16,38996000
2022-02-17,30755200
2022-02-18,43848800
2022-02-22,37004300
2022-02-23,36545400
2022-02-24,56132500
2022-02-25,44118800
2022-02-28,54006400
2022-03-01,43268500
2022-03-02,41489200
2022-03-03,23594200
2022-03-04,32141100
2022-03-07,43675900
2022-03-08,57474500
2022-03-09,31143000
2022-03-10,46408900
2022-03-11,40097000
2022-03-14,61536700
2022-03-15,57385300
2022-03-16,66254800
2022-03-17,48573700
2022-03-18,59780500
2022-03-21,62364300
2022-03-22,40148600
2022-03-23,36294900
2022-03-24,18435800
2022-03-25,36497500
2022-03-28,26886100
2022-03-29,49781100
2022-03-30,43905200
2022-03-31,40717600
2022-04-01,31316100
2022-04-04,32710900
2022-04-05,51886400
2022-04-06,67118000
2022-04-07,42831400
2022-04-08,42177200
2022-04-11,42293400
2022-04-12,38031000
2022-04-13,31635500
2022-04-14,45130400
2022-04-18,20864100
2022-04-19,29920800
2022-04-20,25769700
2022-04-21,38695100
2022-04-22,28243000
2022-04-25,35914500
2022-04-26,31171600
2022-04-27,37598600
2022-04-28,30808800
2022-04-29,35697100
2022-05-02,38674400
2022-05-03,42665700
2022-05-04,55154900
2022-05-05,53807900
2022-05-06,39256900
2022-05-09,38442700
2022-05-10,48419700
2022-05-11,42473500
2022-05-12,49069700
2022-05-13,49084400
2022-05-16,33300100
2022-05-17,41666500
2022-05-18,47647800
2022-05-19,53929100
2022-05-20,56691000
2022-05-23,29917100
2022-05-24,42246500
2022-05-25,56661500
2022-05-26,64773400
2022-05-27,52813100
2022-05-31,68424700
2022-06-01,87646100
2022-06-02,34752500
2022-06-03,36008000
2022-06-06,35756100
2022-06-07,31499900
2022-06-08,25361600
2022-06-09,49468700
2022-06-10,59907000
2022-06-13,122714600
2022-06-14,62818600
2022-06-15,70628200
2022-06-16,61583400
2022-06-17,49281000
2022-06-21,45924600
2022-06-22,38204800
2022-06-23,30961800
2022-06-24,38198600
2022-06-27,25658200
2022-06-28,39303800
2022-06-29,36806800
2022-06-30,45139900
2022-07-01,38849300
2022-07-05,38316200
2022-07-06,44706000
2022-07-07,44430400
2022-07-08,31230300
2022-07-11,28213700
2022-07-12,24036500
2022-07-13,46874900
2022-07-14,53953100
2022-07-15,48360800
2022-07-18,33302800
2022-07-19,31028200
2022-07-20,82881900
2022-07-21,52282000
2022-07-22,51055800
2022-07-25,26032000
2022-07-26,24151200
2022-07-27,35075700
2022-07-28,42335900
2022-07-29,33606800
2022-08-01,31595600
2022-08-02,40604400
2022-08-03,35660900
2022-08-04,24386400
2022-08-05,31006700
2022-08-08,19465600
2022-08-09,24675700
2022-08-10,38121800
2022-08-11,37778700
2022-08-12,16912300
2022-08-15,18441100
2022-08-16,22963200
2022-08-17,28774600
2022-08-18,19089300
2022-08-19,45428900
2022-08-22,42014200
2022-08-23,33240000
2022-08-24,16917400
2022-08-25,20080000
2022-08-26,34460600
2022-08-29,28020200
2022-08-30,66233900
2022-08-31,39161800
2022-09-01,38499700
2022-09-02,22364500
2022-09-06,28820900
2022-09-07,26853200
2022-09-08,26928000
2022-09-09,29526800
2022-09-12,30276100
2022-09-13,47111300
2022-09-14,29672400
2022-09-15,46282300
2022-09-16,56479900
2022-09-19,26891900
2022-09-20,32769500
2022-09-21,37851300
2022-09-22,48278100
2022-09-23,53312000
2022-09-26,42287400
2022-09-27,45295500
2022-09-28,48935800
2022-09-29,38068800
2022-09-30,42928700
2022-10-03,48967900
2022-10-04,45901300
2022-10-05,47833500
2022-10-06,37196000
2022-10-07,33983000
2022-10-10,37759700
2022-10-11,46344600
2022-10-12,32784800
2022-10-13,48832500
2022-10-14,37152100
2022-10-17,33820000
2022-10-18,37648400
2022-10-19,33194000
2022-10-20,47281100
2022-10-21,60211200
2022-10-24,29551200
2022-10-25,37459200
2022-10-26,50552100
2022-10-27,49481500
2022-10-28,123446800
2022-10-31,60269700
2022-11-01,39586700
2022-11-02,50659500
2022-11-03,37507100
2022-11-04,39849100
2022-11-07,24913000
2022-11-08,39489200
2022-11-09,45728900
2022-11-10,67165700
2022-11-11,20934800
2022-11-14,37932800
2022-11-15,50673700
2022-11-16,31124900
2022-11-17,34338000
2022-11-18,31663800
2022-11-21,19070500
2022-11-22,24572500
2022-11-23,30316300
2022-11-25,9465900
2022-11-28,31668900
2022-11-29,27162300
2022-11-30,41702100
2022-12-01,42134200
2022-12-02,27535800
2022-12-05,29736500
2022-12-06,24976800
2022-12-07,24614200
2022-12-08,23839500
2022-12-09,20687300
2022-12-12,22415700
2022-12-13,45923300
2022-12-14,57177300
2022-12-15,41666500
2022-12-16,38197100
2022-12-19,24135100
2022-12-20,32917800
2022-12-21,23211500
2022-12-22,26893700
2022-12-23,13196500
2022-12-27,22108000
2022-12-28,41064800
2022-12-29,33378900
2022-12-30,15170300
2023-01-03,28787700
2023-01-04,37120100
2023-01-05,35142000
2023-01-06,60041200
2023-01-09,35806900
2023-01-10,35695500
2023-01-11,31826700
2023-01-12,29404900
2023-01-13,26301500
2023-01-17,30961200
2023-01-18,52989700
2023-01-19,50070900
2023-01-20,36625400
2023-01-23,26764800
2023-01-24,27774500
2023-01-25,25857700
2023-01-26,25512400
2023-01-27,35813400
2023-01-30,32002000
2023-01-31,41006600
2023-02-01,46900900
2023-02-02,56399900
2023-02-03,39682300
2023-02-06,40944200
2023-02-07,37101300
2023-02-08,34066600
2023-02-09,42581900
2023-02-10,65905000
2023-02-13,38741300
2023-02-14,54193600
2023-02-15,44897600
2023-02-16,89945400
2023-02-17,75910300
2023-02-21,98782400
2023-02-22,70093300
2023-02-23,47908100
2023-02-24,47576500
2023-02-27,40292000
2023-02-28,32999000
2023-03-01,45341400
2023-03-02,37886100
2023-03-03,50123300
2023-03-06,33430800
2023-03-07,40222100
2023-03-08,54303900
2023-03-09,52669500
2023-03-10,81516000
2023-03-13,78478100
2023-03-14,66395600
2023-03-15,81454700
2023-03-16,63386700
2023-03-17,55132200
2023-03-20,38540800
2023-03-21,38203400
2023-03-22,55263500
2023-03-23,54660900
2023-03-24,44225600
2023-03-27,30905100
2023-03-28,38277200
2023-03-29,44457300
2023-03-30,37130200
2023-03-31,54218900
2023-04-03,43302900
2023-04-04,46144300
2023-04-05,37633900
2023-04-06,35719600
2023-04-10,29083900
2023-04-11,28875100
2023-04-12,41457600
2023-04-13,95864000
2023-04-14,43767600
2023-04-17,26391100
2023-04-18,28030700
2023-04-19,26979400
2023-04-20,30203900
2023-04-21,33061800
2023-04-24,24661600
2023-04-25,34575300
2023-04-26,33762700
2023-04-27,39687600
2023-04-28,33821100
2023-05-01,37748300
2023-05-02,39045300
2023-05-03,33178300
2023-05-04,45207600
2023-05-05,31591500
2023-05-08,18367400
2023-05-09,21732900
2023-05-10,35392700
2023-05-11,25265500
2023-05-12,27553200
2023-05-15,19764500
2023-05-16,40998700
2023-05-17,38534100
2023-05-18,29129200
2023-05-19,36044900
2023-05-22,34897700
2023-05-23,32415500
2023-05-24,38083200
2023-05-25,21457900
2023-05-26,23547600
2023-05-30,27482600
2023-05-31,43393600
2023-06-01,42425700
2023-06-02,49950900
2023-06-05,24080200
2023-06-06,23006600
2023-06-07,32340900
2023-06-08,33987800
2023-06-09,27016700
2023-06-12,30629500
2023-06-13,39425900
2023-06-14,32864600
2023-06-15,42412300
2023-06-16,47560800
2023-06-20,31930500
2023-06-21,39751900
2023-06-22,31504700
2023-06-23,33811100
2023-06-26,36111900
2023-06-27,31707600
2023-06-28,35679600
2023-06-29,41712000
2023-06-30,35842000
2023-07-03,13046500
2023-07-05,37947100
2023-07-06,52251100
2023-07-07,42269100
2023-07-10,45752200
2023-07-11,32000700
2023-07-12,42820700
2023-07-13,33954200
2023-07-14,36081800
2023-07-17,28836600
2023-07-18,25990800
2023-07-19,26794800
2023-07-20,27028500
2023-07-21,37447800
2023-07-24,20925500
2023-07-25,30067600
2023-07-26,33068400
2023-07-27,48675800
2023-07-28,27588400
2023-07-31,30744800
2023-08-01,34529700
2023-08-02,37500500
2023-08-03,30348000
2023-08-04,37411900
2023-08-07,19412600
2023-08-08,32545600
2023-08-09,27569200
2023-08-10,43697200
2023-08-11,23329000
2023-08-14,28545100
2023-08-15,32968600
2023-08-16,31759400
2023-08-17,38546600
2023-08-18,44130500
2023-08-21,30768700
2023-08-22,18135400
2023-08-23,33378000
2023-08-24,34336100
2023-08-25,31149300
2023-08-28,21461600
2023-08-29,42178200
2023-08-30,29458200
2023-08-31,30824500
2023-09-01,33213100
2023-09-05,29500600
2023-09-06,30797500
2023-09-07,28757400
2023-09-08,26389100
2023-09-11,29159400
2023-09-12,21668500
2023-09-13,27498900
2023-09-14,29575900
2023-09-15,41636900
2023-09-18,19549700
2023-09-19,33937200
2023-09-20,26715100
2023-09-21,43327300
2023-09-22,36657300
2023-09-25,30197500
2023-09-26,39193000
2023-09-27,45532200
2023-09-28,45776600
2023-09-29,51698300
2023-10-02,69255900
2023-10-03,77754200
2023-10-04,138971500
2023-10-05,56138500
2023-10-06,52741500
2023-10-09,27277200
2023-10-10,50761600
2023-10-11,53330500
2023-10-12,60368000
2023-10-13,54191200
2023-10-16,39352900
2023-10-17,50948700
2023-10-18,58306500
2023-10-19,70971900
2023-10-20,64845500
2023-10-23,47508700
2023-10-24,46427900
2023-10-25,42518300
2023-10-26,45233400
2023-10-27,35621800
2023-10-30,29094000
2023-10-31,42185900
2023-11-01,59313100
2023-11-02,68930600
2023-11-03,88763600
2023-11-06,93899100
2023-11-07,50458200
2023-11-08,41143500
2023-11-09,62856100
2023-11-10,35563300
2023-11-13,37530100
2023-11-14,68210800
2023-11-15,44022800
2023-11-16,52928200
2023-11-17,44272100
2023-11-20,30846200
2023-11-21,29493900
2023-11-22,40866800
2023-11-24,8536200
2023-11-27,31007400
2023-11-28,44031100
2023-11-29,48815500
2023-11-30,55047100
2023-12-01,60321100
2023-12-04,33105700
2023-12-05,32466500
2023-12-06,21297200
2023-12-07,27779300
2023-12-08,30123200
2023-12-11,30141700
2023-12-12,29203400
2023-12-13,64201300
2023-12-14,67220400
2023-12-15,36336400
2023-12-18,34793600
2023-12-19,25269400
2023-12-20,38376400
2023-12-21,22861400
2023-12-22,18048400
2023-12-26,12374700
2023-12-27,22835300
2023-12-28,22648100
2023-12-29,36993900
2024-01-02,41547100
2024-01-03,39495500
2024-01-04,32856100
2024-01-05,31158500
2024-01-08,33479100
2024-01-09,25593500
2024-01-10,35702800
2024-01-11,35947100
2024-01-12,31155500
2024-01-16,43669900
2024-01-17,54160800
2024-01-18,34837600
2024-01-19,44359700
2024-01-22,36758900
2024-01-23,24561500
2024-01-24,27623300
2024-01-25,48268800
2024-01-26,26232800
2024-01-29,25924900
2024-01-30,32486600
2024-01-31,55548900
2024-02-01,48019300
2024-02-02,42727400
2024-02-05,51908600
2024-02-06,32948200
2024-02-07,42954100
2024-02-08,25548400
2024-02-09,33951400
2024-02-12,36249100
2024-02-13,69904200
2024-02-14,38603100
2024-02-15,44319900
2024-02-16,50322900
2024-02-20,31994100
2024-02-21,38674100
2024-02-22,45450200
2024-02-23,24686900
2024-02-26,32795300
2024-02-27,30926600
2024-02-28,24667600
2024-02-29,43322400
2024-03-01,39342900
2024-03-04,21607300
2024-03-05,38076900
2024-03-06,34335200
2024-03-07,30393000
2024-03-08,38317900
2024-03-11,27177600
2024-03-12,33351700
2024-03-13,28482200
2024-03-14,46677200
2024-03-15,53985300
2024-03-18,34649300
2024-03-19,41841500
2024-03-20,36886700
2024-03-21,34693300
2024-03-22,26955700
2024-03-25,29373100
2024-03-26,28522200
2024-03-27,28891100
2024-03-28,31546700
2024-04-01,47857400
2024-04-02,45551200
2024-04-03,29542300
2024-04-04,36056400
2024-04-05,30857300
2024-04-08,31067800
2024-04-09,32219100
2024-04-10,76623900
2024-04-11,50836000
2024-04-12,41441700
2024-04-15,55560400
2024-04-16,55746100
2024-04-17,48158800
2024-04-18,40291400
2024-04-19,54739500
2024-04-22,40772500
2024-04-23,43554400
2024-04-24,40496500
2024-04-25,46371600
2024-04-26,34500800
2024-04-29,33157800
2024-04-30,49937500
2024-05-01,71484700
2024-05-02,41497900
2024-05-03,44204400
2024-05-06,29547100
2024-05-07,34064000
2024-05-08,22959500
2024-05-09,24590900
2024-05-10,24633800
2024-05-13,22109800
2024-05-14,27298700
2024-05-15,56544400
2024-05-16,31749800
2024-05-17,31550300
2024-05-20,18665000
2024-05-21,20295900
2024-05-22,31110700
2024-05-23,36464700
2024-05-24,20488500
2024-05-28,27771700
2024-05-29,38800000
2024-05-30,44210200
2024-05-31,45381900
2024-06-03,36791300
2024-06-04,39230600
2024-06-05,29793700
2024-06-06,24398300
2024-06-07,32498800
2024-06-10,24875700
2024-06-11,25339600
2024-06-12,51775700
2024-06-13,38532000
2024-06-14,52953300
2024-06-17,33165000
2024-06-18,46845500
2024-06-20,26989000
2024-06-21,26857600
2024-06-24,28766200
2024-06-25,26111600
2024-06-26,29282000
2024-06-27,29404500
2024-06-28,34952000
2024-07-01,31113100
2024-07-02,30418400
2024-07-03,22067300
2024-07-05,25941500
2024-07-08,26962000
2024-07-09,19108500
2024-07-10,25361900
2024-07-11,44932500
2024-07-12,31688100
2024-07-15,23235600
2024-07-16,41375400
2024-07-17,32750400
2024-07-18,42513000
2024-07-19,36125700
2024-07-22,32378800
2024-07-23,28826900
2024-07-24,37612800
2024-07-25,35409000
2024-07-26,23683700
2024-07-29,28468400
2024-07-30,33652100
2024-07-31,50714800
2024-08-01,51319800
2024-08-02,71578700
2024-08-05,104456100
2024-08-06,60113400
2024-08-07,56107800
2024-08-08,31528100
2024-08-09,29759900
2024-08-12,33878400
2024-08-13,37310200
2024-08-14,36086900
2024-08-15,39411300
2024-08-16,33682600
2024-08-19,29604300
2024-08-20,33189300
2024-08-21,34266700
2024-08-22,29292100
2024-08-23,32590900
2024-08-26,20460100
2024-08-27,22784300
2024-08-28,22351600
2024-08-29,18353000
2024-08-30,27633300
2024-09-03,31596800
2024-09-04,32371800
2024-09-05,44675300
2024-09-06,49888900
2024-09-09,24823800
2024-09-10,38347600
2024-09-11,42342700
2024-09-12,28515000
2024-09-13,31806800
2024-09-16,31402400
2024-09-17,27423900
2024-09-18,39546900
2024-09-19,48785900
2024-09-20,43626300
2024-09-23,29049400
2024-09-24,28674500
2024-09-25,28899100
2024-09-26,32732300
2024-09-27,36712700
2024-09-30,31551500
2024-10-01,45992200
2024-10-02,41214300
2024-10-03,31147700
2024-10-04,40122800
2024-10-07,69202500
2024-10-08,40947200
2024-10-09,42426500
2024-10-10,30091700
2024-10-11,26970800
2024-10-14,12065800
2024-10-15,31134400
2024-10-16,31626300
2024-10-17,46599300
2024-10-18,28905600
2024-10-21,36341500
2024-10-22,35466600
2024-10-23,39761500
2024-10-24,30163900
2024-10-25,35590200
2024-10-28,31854500
2024-10-29,42992200
2024-10-30,28728700
2024-10-31,43194600
2024-11-01,44045700
2024-11-04,27291200
2024-11-05,31611900
2024-11-06,43173100
2024-11-07,51325800
2024-11-08,30543400
2024-11-11,11008700
2024-11-12,44594900
2024-11-13,33873600
2024-11-14,32749300
2024-11-15,33709500
2024-11-18,27780900
2024-11-19,34523200
2024-11-20,19934000
2024-11-21,28040000
2024-11-22,29564900
2024-11-25,35003000
2024-11-26,41103500
2024-11-27,30239600
2024-11-29,25037800
2024-12-02,32387400
2024-12-03,24868500
2024-12-04,22733500
2024-12-05,23106300
2024-12-06,29931300
2024-12-09,22095100
2024-12-10,27195200
2024-12-11,24730000
2024-12-12,29081600
2024-12-13,34201100
2024-12-16,22269000
2024-12-17,29039500
2024-12-18,80034500
2024-12-19,69005700
2024-12-20,63276200
2024-12-23,29239400
2024-12-24,11926100
2024-12-26,18384900
2024-12-27,20631800
2024-12-30,20659200
2024-12-31,18664900
2025-01-02,30415400
2025-01-03,32611000
2025-01-06,32110000
2025-01-07,43790200
2025-01-08,35304900
2025-01-10,37417300
2025-01-13,39180700
2025-01-14,29581100
2025-01-15,53574900
2025-01-16,32363000
2025-01-17,29546400
2025-01-21,32962700
2025-01-22,25028500
2025-01-23,27434800
2025-01-24,23648600
2025-01-27,28540600
2025-01-28,30439900
2025-01-29,20072100
2025-01-30,34495300
2025-01-31,37101100
2025-02-03,29965100
2025-02-04,28938600
2025-02-05,31834000
2025-02-06,24224100
2025-02-07,28778200
2025-02-10,23382600
2025-02-11,24410000
2025-02-12,34362700
2025-02-13,36149900
2025-02-14,26668300
2025-02-18,23274200
2025-02-19,38958600
2025-02-20,25789000
2025-02-21,32016500
2025-02-24,21029200
2025-02-25,30604400
2025-02-26,21777500
2025-02-27,40521800
2025-02-28,44321200
2025-03-03,40729100
2025-03-04,66274600
2025-03-05,32302200
2025-03-06,50431500
2025-03-07,52828900
2025-03-10,57602100
2025-03-11,75826700
2025-03-12,53763000
2025-03-13,81223200
2025-03-14,51469800
2025-03-17,33954200
2025-03-18,40195900
2025-03-19,45212700
2025-03-20,42977600
2025-03-21,35124000
2025-03-24,36393500
2025-03-25,29075500
2025-03-26,51236100
2025-03-27,38493100
2025-03-28,58896900
2025-03-31,47853500
2025-04-01,54256000
2025-04-02,49072400
2025-04-03,116401400
2025-04-04,181273300
2025-04-07,193374800
2025-04-08,106007700
2025-04-09,152382200
2025-04-10,93884100
2025-04-11,71884000
2025-04-14,50011400
2025-04-15,39790500
2025-04-16,52028800
2025-04-17,37355500
2025-04-21,36078000
2025-04-22,33941100
2025-04-23,63723400
2025-04-24,49007800
2025-04-25,47981700
2025-04-28,42220700
2025-04-29,51198600
2025-04-30,69994200
2025-05-01,50848600
2025-05-02,41354100
2025-05-05,39815300
2025-05-06,36292600
2025-05-07,32676200
2025-05-08,32684900
2025-05-09,23971200
2025-05-12,70558600
2025-05-13,52141900
2025-05-14,45406500
2025-05-15,49301300
2025-05-16,30657200
2025-05-19,26228800
2025-05-20,25933700
2025-05-21,54737300
2025-05-22,43242700
2025-05-23,29598900
2025-05-27,33524700
2025-05-28,27012900
2025-05-29,28616300
2025-05-30,28930300
2025-06-02,45527200
2025-06-03,28458700
2025-06-04,41403600
2025-06-05,44563900
2025-06-06,41300100
2025-06-09,30169000
2025-06-10,24234400
2025-06-11,30114400
2025-06-12,28373200
2025-06-13,35271000
2025-06-16,26225100
2025-06-17,27747200
2025-06-18,32833500
2025-06-20,45845800
2025-06-23,32361400
2025-06-24,50893200
2025-06-25,24156100
2025-06-26,28889100
2025-06-27,47849500
2025-06-30,52885900
2025-07-01,45411000
2025-07-02,32359500
2025-07-03,19750000
2025-07-07,37027200
2025-07-08,31358900
2025-07-09,30277500
2025-07-10,28776200
2025-07-11,30482200
2025-07-14,23716200
2025-07-15,37039500
2025-07-16,39780100
2025-07-17,25703200
2025-07-18,27686400
2025-07-21,28483300
2025-07-22,26017700
2025-07-23,26025000
2025-07-24,27013700
2025-07-25,30123100
2025-07-28,22093800
2025-07-29,21371800
2025-07-30,38392400
2025-07-31,41501300
2025-08-01,68963100
2025-08-04,37539200
2025-08-05,29656300
2025-08-06,30512900
2025-08-07,29405000
2025-08-08,24679000
2025-08-11,30159800
2025-08-12,40846200
2025-08-13,35039600
2025-08-14,36559900
2025-08-15,22754000
2025-08-18,25400800
2025-08-19,21700500
2025-08-20,29704900
2025-08-21,35825900
2025-08-22,59541500
2025-08-25,32714800
2025-08-26,33659900
2025-08-27,24335000
2025-08-28,24203800
2025-08-29,35070300
2025-09-02,51804000
2025-09-03,34283100
2025-09-04,37999700
2025-09-05,39147800
2025-09-08,27003400
2025-09-09,36704500
2025-09-10,38106100
2025-09-11,34221500
2025-09-12,25702800
2025-09-15,27248800
2025-09-16,33075600
2025-09-17,35955700
2025-09-18,43250000
2025-09-19,32042900
2025-09-22,26670200
2025-09-23,37088500
2025-09-24,28124300
2025-09-25,33509900
2025-09-26,31046800
2025-09-29,28558500
2025-09-30,54970300
2025-10-01,58042600
2025-10-02,33348900
2025-10-03,35109200
2025-10-06,29485100
2025-10-07,27672300
2025-10-08,34932200
2025-10-09,65586700
2025-10-10,83840400
2025-10-13,31926800
2025-10-14,63860100
2025-10-15,59802200
2025-10-16,75725200
2025-10-17,70044200
2025-10-20,43762300
2025-10-21,45418100
2025-10-22,50698600
2025-10-23,37962400
2025-10-24,39905600
2025-10-27,36495000
2025-10-28,31591400
2025-10-29,51827100
2025-10-30,39967300
2025-10-31,45044600
2025-11-03,54615100
2025-11-04,49705000
2025-11-05,42273700
2025-11-06,46629200
2025-11-07,47233800
2025-11-10,51875200
2025-11-11,17001100
2025-11-12,43962900
2025-11-13,53631300
2025-11-14,40853500
2025-11-17,42954200
2025-11-18,44098700
2025-11-19,33510100
2025-11-20,65471200
2025-11-21,62331700
2025-11-24,38964900
2025-11-25,56524800
2025-11-26,27454800
2025-11-28,29430800
2025-12-01,45274800
2025-12-02,38842600
2025-12-03,35019100
2025-12-04,34777400
2025-12-05,30486800
2025-12-08,43160800
2025-12-09,30558800
2025-12-10,53052100
2025-12-11,44546400
2025-12-12,45566100
2025-12-15,28983600
2025-12-16,27908000
2025-12-17,36999700
2025-12-18,52680500
2025-12-19,34413300
2025-12-22,37203900
2025-12-23,24341800
2025-12-24,10533500
2025-12-26,10922900
2025-12-29,22012700
2025-12-30,20146700
2025-12-31,17457100
2026-01-02,28403300
2026-01-05,38563200
2026-01-06,31721500
2026-01-07,27022700
2026-01-08,33516900
2026-01-09,31849200
2026-01-12,23983600
2026-01-13,27607400
2026-01-14,42994000
2026-01-15,30412400
2026-01-16,52466300
2026-01-20,38653400
2026-01-21,42023500
2026-01-22,35231900
2026-01-23,38360500
2026-01-26,27027500
2026-01-27,22961500
2026-01-28,35559200
2026-01-29,38201600
2026-01-30,59848000
2026-02-02,42890700
2026-02-03,49372700
2026-02-04,42829400
2026-02-05,75554200
2026-02-06,40915900
2026-02-09,33716900
2026-02-10,37886100
2026-02-11,27272300
2026-02-12,48457000
2026-02-13,36612400
2026-02-17,35682000
2026-02-18,33943100
2026-02-19,29531000
2026-02-20,37959800
2026-02-23,33666000
2026-02-24,54979900
2026-02-25,29428200
2026-02-26,54533600
2026-02-27,62450000
2026-03-02,74327000
2026-03-03,118126800
2026-03-04,58694100
2026-03-05,79841000
2026-03-06,82125600
2026-03-09,88695000
2026-03-10,67499600
2026-03-11,59983500
2026-03-12,68674300
2026-03-13,68652900
2026-03-16,57535600
2026-03-17,47967800
2026-03-18,50281900
2026-03-19,103981600
2026-03-20,109084800
2026-03-23,79015800
2026-03-24,71941600
2026-03-25,49917700
2026-03-26,74979300
2026-03-27,68174300
2026-03-30,55210700
2026-03-31,101521300
2026-04-01,69789200
2026-04-02,53828200
2026-04-06,37098300
2026-04-07,47264100
2026-04-08,58556400
2026-04-09,45207500
2026-04-10,33005600
2026-04-13,38561400
2026-04-14,42038000
2026-04-15,47834900
2026-04-16,37743400
2026-04-17,61651600
2026-04-20,21104400
2026-04-21,58623500
2026-04-22,28004500
2026-04-23,49921700
2026-04-24,33626300
2026-04-27,24643700
2026-04-28,36382400
2026-04-29,56809400
